pos,HXB2 base
1,t
2,g
3,g
4,a
5,a
6,g
7,g
8,g
9,c
10,t
11,a
12,a
13,t
14,t
15,c
16,a
17,c
18,t
19,c
20,c
21,c
22,a
23,a
24,c
25,g
26,a
27,a
28,g
29,a
30,c
31,a
32,a
33,g
34,a
35,t
36,a
37,t
38,c
39,c
40,t
41,t
42,g
43,a
44,t
45,c
46,t
47,g
48,t
49,g
50,g
51,a
52,t
53,c
54,t
55,a
56,c
57,c
58,a
59,c
60,a
61,c
62,a
63,c
64,a
65,a
66,g
67,g
68,c
69,t
70,a
71,c
72,t
73,t
74,c
75,c
76,c
77,t
78,g
79,a
80,t
81,t
82,a
83,g
84,c
85,a
86,g
87,a
88,a
89,c
90,t
91,a
92,c
93,a
94,c
95,a
96,c
97,c
98,a
99,g
100,g
101,g
102,c
103,c
104,a
105,g
106,g
107,g
108,a
109,t
110,c
111,a
112,g
113,a
114,t
115,a
116,t
117,c
118,c
119,a
120,c
121,t
122,g
123,a
124,c
125,c
126,t
127,t
128,t
129,g
130,g
131,a
132,t
133,g
134,g
135,t
136,g
137,c
138,t
139,a
140,c
141,a
142,a
143,g
144,c
145,t
146,a
147,g
148,t
149,a
150,c
151,c
152,a
153,g
154,t
155,t
156,g
157,a
158,g
159,c
160,c
161,a
162,g
163,a
164,g
165,a
166,a
167,g
168,t
169,t
170,a
171,g
172,a
173,a
174,g
175,a
176,a
177,g
178,c
179,c
180,a
181,a
182,c
183,a
184,a
185,a
186,g
187,g
188,a
189,g
190,a
191,g
192,a
193,a
194,c
195,a
196,c
197,c
198,a
199,g
200,c
201,t
202,t
203,g
204,t
205,t
206,a
207,c
208,a
209,c
210,c
211,c
212,t
213,g
214,t
215,g
216,a
217,g
218,c
219,c
220,t
221,g
222,c
223,a
224,t
225,g
226,g
227,a
228,a
229,t
230,g
231,g
232,a
233,t
234,g
235,a
236,c
237,c
238,c
239,g
240,g
241,a
242,g
243,a
244,g
245,a
246,g
247,a
248,a
249,g
250,t
251,g
252,t
253,t
254,a
255,g
256,a
257,g
258,t
259,g
260,g
261,a
262,g
263,g
264,t
265,t
266,t
267,g
268,a
269,c
270,a
271,g
272,c
273,c
274,g
275,c
276,c
277,t
278,a
279,g
280,c
281,a
282,t
283,t
284,t
285,c
286,a
287,t
288,c
289,a
290,c
291,a
292,t
293,g
294,g
295,c
296,c
297,c
298,g
299,a
300,g
301,a
302,g
303,c
304,t
305,g
306,c
307,a
308,t
309,c
310,c
311,g
312,g
313,a
314,g
315,t
316,a
317,c
318,t
319,t
320,c
321,a
322,a
323,g
324,a
325,a
326,c
327,t
328,g
329,c
330,t
331,g
332,a
333,c
334,a
335,t
336,c
337,g
338,a
339,g
340,c
341,t
342,t
343,g
344,c
345,t
346,a
347,c
348,a
349,a
350,g
351,g
352,g
353,a
354,c
355,t
356,t
357,t
358,c
359,c
360,g
361,c
362,t
363,g
364,g
365,g
366,g
367,a
368,c
369,t
370,t
371,t
372,c
373,c
374,a
375,g
376,g
377,g
378,a
379,g
380,g
381,c
382,g
383,t
384,g
385,g
386,c
387,c
388,t
389,g
390,g
391,g
392,c
393,g
394,g
395,g
396,a
397,c
398,t
399,g
400,g
401,g
402,g
403,a
404,g
405,t
406,g
407,g
408,c
409,g
410,a
411,g
412,c
413,c
414,c
415,t
416,c
417,a
418,g
419,a
420,t
421,c
422,c
423,t
424,g
425,c
426,a
427,t
428,a
429,t
430,a
431,a
432,g
433,c
434,a
435,g
436,c
437,t
438,g
439,c
440,t
441,t
442,t
443,t
444,t
445,g
446,c
447,c
448,t
449,g
450,t
451,a
452,c
453,t
454,g
455,g
456,g
457,t
458,c
459,t
460,c
461,t
462,c
463,t
464,g
465,g
466,t
467,t
468,a
469,g
470,a
471,c
472,c
473,a
474,g
475,a
476,t
477,c
478,t
479,g
480,a
481,g
482,c
483,c
484,t
485,g
486,g
487,g
488,a
489,g
490,c
491,t
492,c
493,t
494,c
495,t
496,g
497,g
498,c
499,t
500,a
501,a
502,c
503,t
504,a
505,g
506,g
507,g
508,a
509,a
510,c
511,c
512,c
513,a
514,c
515,t
516,g
517,c
518,t
519,t
520,a
521,a
522,g
523,c
524,c
525,t
526,c
527,a
528,a
529,t
530,a
531,a
532,a
533,g
534,c
535,t
536,t
537,g
538,c
539,c
540,t
541,t
542,g
543,a
544,g
545,t
546,g
547,c
548,t
549,t
550,c
551,a
552,a
553,g
554,t
555,a
556,g
557,t
558,g
559,t
560,g
561,t
562,g
563,c
564,c
565,c
566,g
567,t
568,c
569,t
570,g
571,t
572,t
573,g
574,t
575,g
576,t
577,g
578,a
579,c
580,t
581,c
582,t
583,g
584,g
585,t
586,a
587,a
588,c
589,t
590,a
591,g
592,a
593,g
594,a
595,t
596,c
597,c
598,c
599,t
600,c
601,a
602,g
603,a
604,c
605,c
606,c
607,t
608,t
609,t
610,t
611,a
612,g
613,t
614,c
615,a
616,g
617,t
618,g
619,t
620,g
621,g
622,a
623,a
624,a
625,a
626,t
627,c
628,t
629,c
630,t
631,a
632,g
633,c
634,a
635,g
636,t
637,g
638,g
639,c
640,g
641,c
642,c
643,c
644,g
645,a
646,a
647,c
648,a
649,g
650,g
651,g
652,a
653,c
654,c
655,t
656,g
657,a
658,a
659,a
660,g
661,c
662,g
663,a
664,a
665,a
666,g
667,g
668,g
669,a
670,a
671,a
672,c
673,c
674,a
675,g
676,a
677,g
678,g
679,a
680,g
681,c
682,t
683,c
684,t
685,c
686,t
687,c
688,g
689,a
690,c
691,g
692,c
693,a
694,g
695,g
696,a
697,c
698,t
699,c
700,g
701,g
702,c
703,t
704,t
705,g
706,c
707,t
708,g
709,a
710,a
711,g
712,c
713,g
714,c
715,g
716,c
717,a
718,c
719,g
720,g
721,c
722,a
723,a
724,g
725,a
726,g
727,g
728,c
729,g
730,a
731,g
732,g
733,g
734,g
735,c
736,g
737,g
738,c
739,g
740,a
741,c
742,t
743,g
744,g
745,t
746,g
747,a
748,g
749,t
750,a
751,c
752,g
753,c
754,c
755,a
756,a
757,a
758,a
759,a
760,t
761,t
762,t
763,t
764,g
765,a
766,c
767,t
768,a
769,g
770,c
771,g
772,g
773,a
774,g
775,g
776,c
777,t
778,a
779,g
780,a
781,a
782,g
783,g
784,a
785,g
786,a
787,g
788,a
789,g
790,a
791,t
792,g
793,g
794,g
795,t
796,g
797,c
798,g
799,a
800,g
801,a
802,g
803,c
804,g
805,t
806,c
807,a
808,g
809,t
810,a
811,t
812,t
813,a
814,a
815,g
816,c
817,g
818,g
819,g
820,g
821,g
822,a
823,g
824,a
825,a
826,t
827,t
828,a
829,g
830,a
831,t
832,c
833,g
834,a
835,t
836,g
837,g
838,g
839,a
840,a
841,a
842,a
843,a
844,a
845,t
846,t
847,c
848,g
849,g
850,t
851,t
852,a
853,a
854,g
855,g
856,c
857,c
858,a
859,g
860,g
861,g
862,g
863,g
864,a
865,a
866,a
867,g
868,a
869,a
870,a
871,a
872,a
873,a
874,t
875,a
876,t
877,a
878,a
879,a
880,t
881,t
882,a
883,a
884,a
885,a
886,c
887,a
888,t
889,a
890,t
891,a
892,g
893,t
894,a
895,t
896,g
897,g
898,g
899,c
900,a
901,a
902,g
903,c
904,a
905,g
906,g
907,g
908,a
909,g
910,c
911,t
912,a
913,g
914,a
915,a
916,c
917,g
918,a
919,t
920,t
921,c
922,g
923,c
924,a
925,g
926,t
927,t
928,a
929,a
930,t
931,c
932,c
933,t
934,g
935,g
936,c
937,c
938,t
939,g
940,t
941,t
942,a
943,g
944,a
945,a
946,a
947,c
948,a
949,t
950,c
951,a
952,g
953,a
954,a
955,g
956,g
957,c
958,t
959,g
960,t
961,a
962,g
963,a
964,c
965,a
966,a
967,a
968,t
969,a
970,c
971,t
972,g
973,g
974,g
975,a
976,c
977,a
978,g
979,c
980,t
981,a
982,c
983,a
984,a
985,c
986,c
987,a
988,t
989,c
990,c
991,c
992,t
993,t
994,c
995,a
996,g
997,a
998,c
999,a
1000,g
1001,g
1002,a
1003,t
1004,c
1005,a
1006,g
1007,a
1008,a
1009,g
1010,a
1011,a
1012,c
1013,t
1014,t
1015,a
1016,g
1017,a
1018,t
1019,c
1020,a
1021,t
1022,t
1023,a
1024,t
1025,a
1026,t
1027,a
1028,a
1029,t
1030,a
1031,c
1032,a
1033,g
1034,t
1035,a
1036,g
1037,c
1038,a
1039,a
1040,c
1041,c
1042,c
1043,t
1044,c
1045,t
1046,a
1047,t
1048,t
1049,g
1050,t
1051,g
1052,t
1053,g
1054,c
1055,a
1056,t
1057,c
1058,a
1059,a
1060,a
1061,g
1062,g
1063,a
1064,t
1065,a
1066,g
1067,a
1068,g
1069,a
1070,t
1071,a
1072,a
1073,a
1074,a
1075,g
1076,a
1077,c
1078,a
1079,c
1080,c
1081,a
1082,a
1083,g
1084,g
1085,a
1086,a
1087,g
1088,c
1089,t
1090,t
1091,t
1092,a
1093,g
1094,a
1095,c
1096,a
1097,a
1098,g
1099,a
1100,t
1101,a
1102,g
1103,a
1104,g
1105,g
1106,a
1107,a
1108,g
1109,a
1110,g
1111,c
1112,a
1113,a
1114,a
1115,a
1116,c
1117,a
1118,a
1119,a
1120,a
1121,g
1122,t
1123,a
1124,a
1125,g
1126,a
1127,a
1128,a
1129,a
1130,a
1131,a
1132,g
1133,c
1134,a
1135,c
1136,a
1137,g
1138,c
1139,a
1140,a
1141,g
1142,c
1143,a
1144,g
1145,c
1146,a
1147,g
1148,c
1149,t
1150,g
1151,a
1152,c
1153,a
1154,c
1155,a
1156,g
1157,g
1158,a
1159,c
1160,a
1161,c
1162,a
1163,g
1164,c
1165,a
1166,a
1167,t
1168,c
1169,a
1170,g
1171,g
1172,t
1173,c
1174,a
1175,g
1176,c
1177,c
1178,a
1179,a
1180,a
1181,a
1182,t
1183,t
1184,a
1185,c
1186,c
1187,c
1188,t
1189,a
1190,t
1191,a
1192,g
1193,t
1194,g
1195,c
1196,a
1197,g
1198,a
1199,a
1200,c
1201,a
1202,t
1203,c
1204,c
1205,a
1206,g
1207,g
1208,g
1209,g
1210,c
1211,a
1212,a
1213,a
1214,t
1215,g
1216,g
1217,t
1218,a
1219,c
1220,a
1221,t
1222,c
1223,a
1224,g
1225,g
1226,c
1227,c
1228,a
1229,t
1230,a
1231,t
1232,c
1233,a
1234,c
1235,c
1236,t
1237,a
1238,g
1239,a
1240,a
1241,c
1242,t
1243,t
1244,t
1245,a
1246,a
1247,a
1248,t
1249,g
1250,c
1251,a
1252,t
1253,g
1254,g
1255,g
1256,t
1257,a
1258,a
1259,a
1260,a
1261,g
1262,t
1263,a
1264,g
1265,t
1266,a
1267,g
1268,a
1269,a
1270,g
1271,a
1272,g
1273,a
1274,a
1275,g
1276,g
1277,c
1278,t
1279,t
1280,t
1281,c
1282,a
1283,g
1284,c
1285,c
1286,c
1287,a
1288,g
1289,a
1290,a
1291,g
1292,t
1293,g
1294,a
1295,t
1296,a
1297,c
1298,c
1299,c
1300,a
1301,t
1302,g
1303,t
1304,t
1305,t
1306,t
1307,c
1308,a
1309,g
1310,c
1311,a
1312,t
1313,t
1314,a
1315,t
1316,c
1317,a
1318,g
1319,a
1320,a
1321,g
1322,g
1323,a
1324,g
1325,c
1326,c
1327,a
1328,c
1329,c
1330,c
1331,c
1332,a
1333,c
1334,a
1335,a
1336,g
1337,a
1338,t
1339,t
1340,t
1341,a
1342,a
1343,a
1344,c
1345,a
1346,c
1347,c
1348,a
1349,t
1350,g
1351,c
1352,t
1353,a
1354,a
1355,a
1356,c
1357,a
1358,c
1359,a
1360,g
1361,t
1362,g
1363,g
1364,g
1365,g
1366,g
1367,g
1368,a
1369,c
1370,a
1371,t
1372,c
1373,a
1374,a
1375,g
1376,c
1377,a
1378,g
1379,c
1380,c
1381,a
1382,t
1383,g
1384,c
1385,a
1386,a
1387,a
1388,t
1389,g
1390,t
1391,t
1392,a
1393,a
1394,a
1395,a
1396,g
1397,a
1398,g
1399,a
1400,c
1401,c
1402,a
1403,t
1404,c
1405,a
1406,a
1407,t
1408,g
1409,a
1410,g
1411,g
1412,a
1413,a
1414,g
1415,c
1416,t
1417,g
1418,c
1419,a
1420,g
1421,a
1422,a
1423,t
1424,g
1425,g
1426,g
1427,a
1428,t
1429,a
1430,g
1431,a
1432,g
1433,t
1434,g
1435,c
1436,a
1437,t
1438,c
1439,c
1440,a
1441,g
1442,t
1443,g
1444,c
1445,a
1446,t
1447,g
1448,c
1449,a
1450,g
1451,g
1452,g
1453,c
1454,c
1455,t
1456,a
1457,t
1458,t
1459,g
1460,c
1461,a
1462,c
1463,c
1464,a
1465,g
1466,g
1467,c
1468,c
1469,a
1470,g
1471,a
1472,t
1473,g
1474,a
1475,g
1476,a
1477,g
1478,a
1479,a
1480,c
1481,c
1482,a
1483,a
1484,g
1485,g
1486,g
1487,g
1488,a
1489,a
1490,g
1491,t
1492,g
1493,a
1494,c
1495,a
1496,t
1497,a
1498,g
1499,c
1500,a
1501,g
1502,g
1503,a
1504,a
1505,c
1506,t
1507,a
1508,c
1509,t
1510,a
1511,g
1512,t
1513,a
1514,c
1515,c
1516,c
1517,t
1518,t
1519,c
1520,a
1521,g
1522,g
1523,a
1524,a
1525,c
1526,a
1527,a
1528,a
1529,t
1530,a
1531,g
1532,g
1533,a
1534,t
1535,g
1536,g
1537,a
1538,t
1539,g
1540,a
1541,c
1542,a
1543,a
1544,a
1545,t
1546,a
1547,a
1548,t
1549,c
1550,c
1551,a
1552,c
1553,c
1554,t
1555,a
1556,t
1557,c
1558,c
1559,c
1560,a
1561,g
1562,t
1563,a
1564,g
1565,g
1566,a
1567,g
1568,a
1569,a
1570,a
1571,t
1572,t
1573,t
1574,a
1575,t
1576,a
1577,a
1578,a
1579,a
1580,g
1581,a
1582,t
1583,g
1584,g
1585,a
1586,t
1587,a
1588,a
1589,t
1590,c
1591,c
1592,t
1593,g
1594,g
1595,g
1596,a
1597,t
1598,t
1599,a
1600,a
1601,a
1602,t
1603,a
1604,a
1605,a
1606,a
1607,t
1608,a
1609,g
1610,t
1611,a
1612,a
1613,g
1614,a
1615,a
1616,t
1617,g
1618,t
1619,a
1620,t
1621,a
1622,g
1623,c
1624,c
1625,c
1626,t
1627,a
1628,c
1629,c
1630,a
1631,g
1632,c
1633,a
1634,t
1635,t
1636,c
1637,t
1638,g
1639,g
1640,a
1641,c
1642,a
1643,t
1644,a
1645,a
1646,g
1647,a
1648,c
1649,a
1650,a
1651,g
1652,g
1653,a
1654,c
1655,c
1656,a
1657,a
1658,a
1659,g
1660,g
1661,a
1662,a
1663,c
1664,c
1665,c
1666,t
1667,t
1668,t
1669,a
1670,g
1671,a
1672,g
1673,a
1674,c
1675,t
1676,a
1677,t
1678,g
1679,t
1680,a
1681,g
1682,a
1683,c
1684,c
1685,g
1686,g
1687,t
1688,t
1689,c
1690,t
1691,a
1692,t
1693,a
1694,a
1695,a
1696,a
1697,c
1698,t
1699,c
1700,t
1701,a
1702,a
1703,g
1704,a
1705,g
1706,c
1707,c
1708,g
1709,a
1710,g
1711,c
1712,a
1713,a
1714,g
1715,c
1716,t
1717,t
1718,c
1719,a
1720,c
1721,a
1722,g
1723,g
1724,a
1725,g
1726,g
1727,t
1728,a
1729,a
1730,a
1731,a
1732,a
1733,a
1734,t
1735,t
1736,g
1737,g
1738,a
1739,t
1740,g
1741,a
1742,c
1743,a
1744,g
1745,a
1746,a
1747,a
1748,c
1749,c
1750,t
1751,t
1752,g
1753,t
1754,t
1755,g
1756,g
1757,t
1758,c
1759,c
1760,a
1761,a
1762,a
1763,a
1764,t
1765,g
1766,c
1767,g
1768,a
1769,a
1770,c
1771,c
1772,c
1773,a
1774,g
1775,a
1776,t
1777,t
1778,g
1779,t
1780,a
1781,a
1782,g
1783,a
1784,c
1785,t
1786,a
1787,t
1788,t
1789,t
1790,t
1791,a
1792,a
1793,a
1794,a
1795,g
1796,c
1797,a
1798,t
1799,t
1800,g
1801,g
1802,g
1803,a
1804,c
1805,c
1806,a
1807,g
1808,c
1809,g
1810,g
1811,c
1812,t
1813,a
1814,c
1815,a
1816,c
1817,t
1818,a
1819,g
1820,a
1821,a
1822,g
1823,a
1824,a
1825,a
1826,t
1827,g
1828,a
1829,t
1830,g
1831,a
1832,c
1833,a
1834,g
1835,c
1836,a
1837,t
1838,g
1839,t
1840,c
1841,a
1842,g
1843,g
1844,g
1845,a
1846,g
1847,t
1848,a
1849,g
1850,g
1851,a
1852,g
1853,g
1854,a
1855,c
1856,c
1857,c
1858,g
1859,g
1860,c
1861,c
1862,a
1863,t
1864,a
1865,a
1866,g
1867,g
1868,c
1869,a
1870,a
1871,g
1872,a
1873,g
1874,t
1875,t
1876,t
1877,t
1878,g
1879,g
1880,c
1881,t
1882,g
1883,a
1884,a
1885,g
1886,c
1887,a
1888,a
1889,t
1890,g
1891,a
1892,g
1893,c
1894,c
1895,a
1896,a
1897,g
1898,t
1899,a
1900,a
1901,c
1902,a
1903,a
1904,a
1905,t
1906,t
1907,c
1908,a
1909,g
1910,c
1911,t
1912,a
1913,c
1914,c
1915,a
1916,t
1917,a
1918,a
1919,t
1920,g
1921,a
1922,t
1923,g
1924,c
1925,a
1926,g
1927,a
1928,g
1929,a
1930,g
1931,g
1932,c
1933,a
1934,a
1935,t
1936,t
1937,t
1938,t
1939,a
1940,g
1941,g
1942,a
1943,a
1944,c
1945,c
1946,a
1947,a
1948,a
1949,g
1950,a
1951,a
1952,a
1953,g
1954,a
1955,t
1956,t
1957,g
1958,t
1959,t
1960,a
1961,a
1962,g
1963,t
1964,g
1965,t
1966,t
1967,t
1968,c
1969,a
1970,a
1971,t
1972,t
1973,g
1974,t
1975,g
1976,g
1977,c
1978,a
1979,a
1980,a
1981,g
1982,a
1983,a
1984,g
1985,g
1986,g
1987,c
1988,a
1989,c
1990,a
1991,c
1992,a
1993,g
1994,c
1995,c
1996,a
1997,g
1998,a
1999,a
2000,a
2001,t
2002,t
2003,g
2004,c
2005,a
2006,g
2007,g
2008,g
2009,c
2010,c
2011,c
2012,c
2013,t
2014,a
2015,g
2016,g
2017,a
2018,a
2019,a
2020,a
2021,a
2022,g
2023,g
2024,g
2025,c
2026,t
2027,g
2028,t
2029,t
2030,g
2031,g
2032,a
2033,a
2034,a
2035,t
2036,g
2037,t
2038,g
2039,g
2040,a
2041,a
2042,a
2043,g
2044,g
2045,a
2046,a
2047,g
2048,g
2049,a
2050,c
2051,a
2052,c
2053,c
2054,a
2055,a
2056,a
2057,t
2058,g
2059,a
2060,a
2061,a
2062,g
2063,a
2064,t
2065,t
2066,g
2067,t
2068,a
2069,c
2070,t
2071,g
2072,a
2073,g
2074,a
2075,g
2076,a
2077,c
2078,a
2079,g
2080,g
2081,c
2082,t
2083,a
2084,a
2085,t
2086,t
2087,t
2088,t
2089,t
2090,t
2091,a
2092,g
2093,g
2094,g
2095,a
2096,a
2097,g
2098,a
2099,t
2100,c
2101,t
2102,g
2103,g
2104,c
2105,c
2106,t
2107,t
2108,c
2109,c
2110,t
2111,a
2112,c
2113,a
2114,a
2115,g
2116,g
2117,g
2118,a
2119,a
2120,g
2121,g
2122,c
2123,c
2124,a
2125,g
2126,g
2127,g
2128,a
2129,a
2130,t
2131,t
2132,t
2133,t
2134,c
2135,t
2136,t
2137,c
2138,a
2139,g
2140,a
2141,g
2142,c
2143,a
2144,g
2145,a
2146,c
2147,c
2148,a
2149,g
2150,a
2151,g
2152,c
2153,c
2154,a
2155,a
2156,c
2157,a
2158,g
2159,c
2160,c
2161,c
2162,c
2163,a
2164,c
2165,c
2166,a
2167,g
2168,a
2169,a
2170,g
2171,a
2172,g
2173,a
2174,g
2175,c
2176,t
2177,t
2178,c
2179,a
2180,g
2181,g
2182,t
2183,c
2184,t
2185,g
2186,g
2187,g
2188,g
2189,t
2190,a
2191,g
2192,a
2193,g
2194,a
2195,c
2196,a
2197,a
2198,c
2199,a
2200,a
2201,c
2202,t
2203,c
2204,c
2205,c
2206,c
2207,c
2208,t
2209,c
2210,a
2211,g
2212,a
2213,a
2214,g
2215,c
2216,a
2217,g
2218,g
2219,a
2220,g
2221,c
2222,c
2223,g
2224,a
2225,t
2226,a
2227,g
2228,a
2229,c
2230,a
2231,a
2232,g
2233,g
2234,a
2235,a
2236,c
2237,t
2238,g
2239,t
2240,a
2241,t
2242,c
2243,c
2244,t
2245,t
2246,t
2247,a
2248,a
2249,c
2250,t
2251,t
2252,c
2253,c
2254,c
2255,t
2256,c
2257,a
2258,g
2259,g
2260,t
2261,c
2262,a
2263,c
2264,t
2265,c
2266,t
2267,t
2268,t
2269,g
2270,g
2271,c
2272,a
2273,a
2274,c
2275,g
2276,a
2277,c
2278,c
2279,c
2280,c
2281,t
2282,c
2283,g
2284,t
2285,c
2286,a
2287,c
2288,a
2289,a
2290,t
2291,a
2292,a
2293,a
2294,g
2295,a
2296,t
2297,a
2298,g
2299,g
2300,g
2301,g
2302,g
2303,g
2304,c
2305,a
2306,a
2307,c
2308,t
2309,a
2310,a
2311,a
2312,g
2313,g
2314,a
2315,a
2316,g
2317,c
2318,t
2319,c
2320,t
2321,a
2322,t
2323,t
2324,a
2325,g
2326,a
2327,t
2328,a
2329,c
2330,a
2331,g
2332,g
2333,a
2334,g
2335,c
2336,a
2337,g
2338,a
2339,t
2340,g
2341,a
2342,t
2343,a
2344,c
2345,a
2346,g
2347,t
2348,a
2349,t
2350,t
2351,a
2352,g
2353,a
2354,a
2355,g
2356,a
2357,a
2358,a
2359,t
2360,g
2361,a
2362,g
2363,t
2364,t
2365,t
2366,g
2367,c
2368,c
2369,a
2370,g
2371,g
2372,a
2373,a
2374,g
2375,a
2376,t
2377,g
2378,g
2379,a
2380,a
2381,a
2382,c
2383,c
2384,a
2385,a
2386,a
2387,a
2388,a
2389,t
2390,g
2391,a
2392,t
2393,a
2394,g
2395,g
2396,g
2397,g
2398,g
2399,a
2400,a
2401,t
2402,t
2403,g
2404,g
2405,a
2406,g
2407,g
2408,t
2409,t
2410,t
2411,t
2412,a
2413,t
2414,c
2415,a
2416,a
2417,a
2418,g
2419,t
2420,a
2421,a
2422,g
2423,a
2424,c
2425,a
2426,g
2427,t
2428,a
2429,t
2430,g
2431,a
2432,t
2433,c
2434,a
2435,g
2436,a
2437,t
2438,a
2439,c
2440,t
2441,c
2442,a
2443,t
2444,a
2445,g
2446,a
2447,a
2448,a
2449,t
2450,c
2451,t
2452,g
2453,t
2454,g
2455,g
2456,a
2457,c
2458,a
2459,t
2460,a
2461,a
2462,a
2463,g
2464,c
2465,t
2466,a
2467,t
2468,a
2469,g
2470,g
2471,t
2472,a
2473,c
2474,a
2475,g
2476,t
2477,a
2478,t
2479,t
2480,a
2481,g
2482,t
2483,a
2484,g
2485,g
2486,a
2487,c
2488,c
2489,t
2490,a
2491,c
2492,a
2493,c
2494,c
2495,t
2496,g
2497,t
2498,c
2499,a
2500,a
2501,c
2502,a
2503,t
2504,a
2505,a
2506,t
2507,t
2508,g
2509,g
2510,a
2511,a
2512,g
2513,a
2514,a
2515,a
2516,t
2517,c
2518,t
2519,g
2520,t
2521,t
2522,g
2523,a
2524,c
2525,t
2526,c
2527,a
2528,g
2529,a
2530,t
2531,t
2532,g
2533,g
2534,t
2535,t
2536,g
2537,c
2538,a
2539,c
2540,t
2541,t
2542,t
2543,a
2544,a
2545,a
2546,t
2547,t
2548,t
2549,t
2550,c
2551,c
2552,c
2553,a
2554,t
2555,t
2556,a
2557,g
2558,c
2559,c
2560,c
2561,t
2562,a
2563,t
2564,t
2565,g
2566,a
2567,g
2568,a
2569,c
2570,t
2571,g
2572,t
2573,a
2574,c
2575,c
2576,a
2577,g
2578,t
2579,a
2580,a
2581,a
2582,a
2583,t
2584,t
2585,a
2586,a
2587,a
2588,g
2589,c
2590,c
2591,a
2592,g
2593,g
2594,a
2595,a
2596,t
2597,g
2598,g
2599,a
2600,t
2601,g
2602,g
2603,c
2604,c
2605,c
2606,a
2607,a
2608,a
2609,a
2610,g
2611,t
2612,t
2613,a
2614,a
2615,a
2616,c
2617,a
2618,a
2619,t
2620,g
2621,g
2622,c
2623,c
2624,a
2625,t
2626,t
2627,g
2628,a
2629,c
2630,a
2631,g
2632,a
2633,a
2634,g
2635,a
2636,a
2637,a
2638,a
2639,a
2640,a
2641,t
2642,a
2643,a
2644,a
2645,a
2646,g
2647,c
2648,a
2649,t
2650,t
2651,a
2652,g
2653,t
2654,a
2655,g
2656,a
2657,a
2658,a
2659,t
2660,t
2661,t
2662,g
2663,t
2664,a
2665,c
2666,a
2667,g
2668,a
2669,g
2670,a
2671,t
2672,g
2673,g
2674,a
2675,a
2676,a
2677,a
2678,g
2679,g
2680,a
2681,a
2682,g
2683,g
2684,g
2685,a
2686,a
2687,a
2688,a
2689,t
2690,t
2691,t
2692,c
2693,a
2694,a
2695,a
2696,a
2697,a
2698,t
2699,t
2700,g
2701,g
2702,g
2703,c
2704,c
2705,t
2706,g
2707,a
2708,a
2709,a
2710,a
2711,t
2712,c
2713,c
2714,a
2715,t
2716,a
2717,c
2718,a
2719,a
2720,t
2721,a
2722,c
2723,t
2724,c
2725,c
2726,a
2727,g
2728,t
2729,a
2730,t
2731,t
2732,t
2733,g
2734,c
2735,c
2736,a
2737,t
2738,a
2739,a
2740,a
2741,g
2742,a
2743,a
2744,a
2745,a
2746,a
2747,a
2748,g
2749,a
2750,c
2751,a
2752,g
2753,t
2754,a
2755,c
2756,t
2757,a
2758,a
2759,a
2760,t
2761,g
2762,g
2763,a
2764,g
2765,a
2766,a
2767,a
2768,a
2769,t
2770,t
2771,a
2772,g
2773,t
2774,a
2775,g
2776,a
2777,t
2778,t
2779,t
2780,c
2781,a
2782,g
2783,a
2784,g
2785,a
2786,a
2787,c
2788,t
2789,t
2790,a
2791,a
2792,t
2793,a
2794,a
2795,g
2796,a
2797,g
2798,a
2799,a
2800,c
2801,t
2802,c
2803,a
2804,a
2805,g
2806,a
2807,c
2808,t
2809,t
2810,c
2811,t
2812,g
2813,g
2814,g
2815,a
2816,a
2817,g
2818,t
2819,t
2820,c
2821,a
2822,a
2823,t
2824,t
2825,a
2826,g
2827,g
2828,a
2829,a
2830,t
2831,a
2832,c
2833,c
2834,a
2835,c
2836,a
2837,t
2838,c
2839,c
2840,c
2841,g
2842,c
2843,a
2844,g
2845,g
2846,g
2847,t
2848,t
2849,a
2850,a
2851,a
2852,a
2853,a
2854,a
2855,g
2856,a
2857,a
2858,a
2859,a
2860,a
2861,a
2862,t
2863,c
2864,a
2865,g
2866,t
2867,a
2868,a
2869,c
2870,a
2871,g
2872,t
2873,a
2874,c
2875,t
2876,g
2877,g
2878,a
2879,t
2880,g
2881,t
2882,g
2883,g
2884,g
2885,t
2886,g
2887,a
2888,t
2889,g
2890,c
2891,a
2892,t
2893,a
2894,t
2895,t
2896,t
2897,t
2898,t
2899,c
2900,a
2901,g
2902,t
2903,t
2904,c
2905,c
2906,c
2907,t
2908,t
2909,a
2910,g
2911,a
2912,t
2913,g
2914,a
2915,a
2916,g
2917,a
2918,c
2919,t
2920,t
2921,c
2922,a
2923,g
2924,g
2925,a
2926,a
2927,g
2928,t
2929,a
2930,t
2931,a
2932,c
2933,t
2934,g
2935,c
2936,a
2937,t
2938,t
2939,t
2940,a
2941,c
2942,c
2943,a
2944,t
2945,a
2946,c
2947,c
2948,t
2949,a
2950,g
2951,t
2952,a
2953,t
2954,a
2955,a
2956,a
2957,c
2958,a
2959,a
2960,t
2961,g
2962,a
2963,g
2964,a
2965,c
2966,a
2967,c
2968,c
2969,a
2970,g
2971,g
2972,g
2973,a
2974,t
2975,t
2976,a
2977,g
2978,a
2979,t
2980,a
2981,t
2982,c
2983,a
2984,g
2985,t
2986,a
2987,c
2988,a
2989,a
2990,t
2991,g
2992,t
2993,g
2994,c
2995,t
2996,t
2997,c
2998,c
2999,a
3000,c
3001,a
3002,g
3003,g
3004,g
3005,a
3006,t
3007,g
3008,g
3009,a
3010,a
3011,a
3012,g
3013,g
3014,a
3015,t
3016,c
3017,a
3018,c
3019,c
3020,a
3021,g
3022,c
3023,a
3024,a
3025,t
3026,a
3027,t
3028,t
3029,c
3030,c
3031,a
3032,a
3033,a
3034,g
3035,t
3036,a
3037,g
3038,c
3039,a
3040,t
3041,g
3042,a
3043,c
3044,a
3045,a
3046,a
3047,a
3048,a
3049,t
3050,c
3051,t
3052,t
3053,a
3054,g
3055,a
3056,g
3057,c
3058,c
3059,t
3060,t
3061,t
3062,t
3063,a
3064,g
3065,a
3066,a
3067,a
3068,a
3069,c
3070,a
3071,a
3072,a
3073,a
3074,t
3075,c
3076,c
3077,a
3078,g
3079,a
3080,c
3081,a
3082,t
3083,a
3084,g
3085,t
3086,t
3087,a
3088,t
3089,c
3090,t
3091,a
3092,t
3093,c
3094,a
3095,a
3096,t
3097,a
3098,c
3099,a
3100,t
3101,g
3102,g
3103,a
3104,t
3105,g
3106,a
3107,t
3108,t
3109,t
3110,g
3111,t
3112,a
3113,t
3114,g
3115,t
3116,a
3117,g
3118,g
3119,a
3120,t
3121,c
3122,t
3123,g
3124,a
3125,c
3126,t
3127,t
3128,a
3129,g
3130,a
3131,a
3132,a
3133,t
3134,a
3135,g
3136,g
3137,g
3138,c
3139,a
3140,g
3141,c
3142,a
3143,t
3144,a
3145,g
3146,a
3147,a
3148,c
3149,a
3150,a
3151,a
3152,a
3153,a
3154,t
3155,a
3156,g
3157,a
3158,g
3159,g
3160,a
3161,g
3162,c
3163,t
3164,g
3165,a
3166,g
3167,a
3168,c
3169,a
3170,a
3171,c
3172,a
3173,t
3174,c
3175,t
3176,g
3177,t
3178,t
3179,g
3180,a
3181,g
3182,g
3183,t
3184,g
3185,g
3186,g
3187,g
3188,a
3189,c
3190,t
3191,t
3192,a
3193,c
3194,c
3195,a
3196,c
3197,a
3198,c
3199,c
3200,a
3201,g
3202,a
3203,c
3204,a
3205,a
3206,a
3207,a
3208,a
3209,a
3210,c
3211,a
3212,t
3213,c
3214,a
3215,g
3216,a
3217,a
3218,a
3219,g
3220,a
3221,a
3222,c
3223,c
3224,t
3225,c
3226,c
3227,a
3228,t
3229,t
3230,c
3231,c
3232,t
3233,t
3234,t
3235,g
3236,g
3237,a
3238,t
3239,g
3240,g
3241,g
3242,t
3243,t
3244,a
3245,t
3246,g
3247,a
3248,a
3249,c
3250,t
3251,c
3252,c
3253,a
3254,t
3255,c
3256,c
3257,t
3258,g
3259,a
3260,t
3261,a
3262,a
3263,a
3264,t
3265,g
3266,g
3267,a
3268,c
3269,a
3270,g
3271,t
3272,a
3273,c
3274,a
3275,g
3276,c
3277,c
3278,t
3279,a
3280,t
3281,a
3282,g
3283,t
3284,g
3285,c
3286,t
3287,g
3288,c
3289,c
3290,a
3291,g
3292,a
3293,a
3294,a
3295,a
3296,a
3297,g
3298,a
3299,c
3300,a
3301,g
3302,c
3303,t
3304,g
3305,g
3306,a
3307,c
3308,t
3309,g
3310,t
3311,c
3312,a
3313,a
3314,t
3315,g
3316,a
3317,c
3318,a
3319,t
3320,a
3321,c
3322,a
3323,g
3324,a
3325,a
3326,g
3327,t
3328,t
3329,a
3330,g
3331,t
3332,g
3333,g
3334,g
3335,g
3336,a
3337,a
3338,a
3339,t
3340,t
3341,g
3342,a
3343,a
3344,t
3345,t
3346,g
3347,g
3348,g
3349,c
3350,a
3351,a
3352,g
3353,t
3354,c
3355,a
3356,g
3357,a
3358,t
3359,t
3360,t
3361,a
3362,c
3363,c
3364,c
3365,a
3366,g
3367,g
3368,g
3369,a
3370,t
3371,t
3372,a
3373,a
3374,a
3375,g
3376,t
3377,a
3378,a
3379,g
3380,g
3381,c
3382,a
3383,a
3384,t
3385,t
3386,a
3387,t
3388,g
3389,t
3390,a
3391,a
3392,a
3393,c
3394,t
3395,c
3396,c
3397,t
3398,t
3399,a
3400,g
3401,a
3402,g
3403,g
3404,a
3405,a
3406,c
3407,c
3408,a
3409,a
3410,a
3411,g
3412,c
3413,a
3414,c
3415,t
3416,a
3417,a
3418,c
3419,a
3420,g
3421,a
3422,a
3423,g
3424,t
3425,a
3426,a
3427,t
3428,a
3429,c
3430,c
3431,a
3432,c
3433,t
3434,a
3435,a
3436,c
3437,a
3438,g
3439,a
3440,a
3441,g
3442,a
3443,a
3444,g
3445,c
3446,a
3447,g
3448,a
3449,g
3450,c
3451,t
3452,a
3453,g
3454,a
3455,a
3456,c
3457,t
3458,g
3459,g
3460,c
3461,a
3462,g
3463,a
3464,a
3465,a
3466,a
3467,c
3468,a
3469,g
3470,a
3471,g
3472,a
3473,g
3474,a
3475,t
3476,t
3477,c
3478,t
3479,a
3480,a
3481,a
3482,a
3483,g
3484,a
3485,a
3486,c
3487,c
3488,a
3489,g
3490,t
3491,a
3492,c
3493,a
3494,t
3495,g
3496,g
3497,a
3498,g
3499,t
3500,g
3501,t
3502,a
3503,t
3504,t
3505,a
3506,t
3507,g
3508,a
3509,c
3510,c
3511,c
3512,a
3513,t
3514,c
3515,a
3516,a
3517,a
3518,a
3519,g
3520,a
3521,c
3522,t
3523,t
3524,a
3525,a
3526,t
3527,a
3528,g
3529,c
3530,a
3531,g
3532,a
3533,a
3534,a
3535,t
3536,a
3537,c
3538,a
3539,g
3540,a
3541,a
3542,g
3543,c
3544,a
3545,g
3546,g
3547,g
3548,g
3549,c
3550,a
3551,a
3552,g
3553,g
3554,c
3555,c
3556,a
3557,a
3558,t
3559,g
3560,g
3561,a
3562,c
3563,a
3564,t
3565,a
3566,t
3567,c
3568,a
3569,a
3570,a
3571,t
3572,t
3573,t
3574,a
3575,t
3576,c
3577,a
3578,a
3579,g
3580,a
3581,g
3582,c
3583,c
3584,a
3585,t
3586,t
3587,t
3588,a
3589,a
3590,a
3591,a
3592,a
3593,t
3594,c
3595,t
3596,g
3597,a
3598,a
3599,a
3600,a
3601,c
3602,a
3603,g
3604,g
3605,a
3606,a
3607,a
3608,a
3609,t
3610,a
3611,t
3612,g
3613,c
3614,a
3615,a
3616,g
3617,a
3618,a
3619,t
3620,g
3621,a
3622,g
3623,g
3624,g
3625,g
3626,t
3627,g
3628,c
3629,c
3630,c
3631,a
3632,c
3633,a
3634,c
3635,t
3636,a
3637,a
3638,t
3639,g
3640,a
3641,t
3642,g
3643,t
3644,a
3645,a
3646,a
3647,a
3648,c
3649,a
3650,a
3651,t
3652,t
3653,a
3654,a
3655,c
3656,a
3657,g
3658,a
3659,g
3660,g
3661,c
3662,a
3663,g
3664,t
3665,g
3666,c
3667,a
3668,a
3669,a
3670,a
3671,a
3672,a
3673,t
3674,a
3675,a
3676,c
3677,c
3678,a
3679,c
3680,a
3681,g
3682,a
3683,a
3684,a
3685,g
3686,c
3687,a
3688,t
3689,a
3690,g
3691,t
3692,a
3693,a
3694,t
3695,a
3696,t
3697,g
3698,g
3699,g
3700,g
3701,a
3702,a
3703,a
3704,g
3705,a
3706,c
3707,t
3708,c
3709,c
3710,t
3711,a
3712,a
3713,a
3714,t
3715,t
3716,t
3717,a
3718,a
3719,a
3720,c
3721,t
3722,g
3723,c
3724,c
3725,c
3726,a
3727,t
3728,a
3729,c
3730,a
3731,a
3732,a
3733,a
3734,g
3735,g
3736,a
3737,a
3738,a
3739,c
3740,a
3741,t
3742,g
3743,g
3744,g
3745,a
3746,a
3747,a
3748,c
3749,a
3750,t
3751,g
3752,g
3753,t
3754,g
3755,g
3756,a
3757,c
3758,a
3759,g
3760,a
3761,g
3762,t
3763,a
3764,t
3765,t
3766,g
3767,g
3768,c
3769,a
3770,a
3771,g
3772,c
3773,c
3774,a
3775,c
3776,c
3777,t
3778,g
3779,g
3780,a
3781,t
3782,t
3783,c
3784,c
3785,t
3786,g
3787,a
3788,g
3789,t
3790,g
3791,g
3792,g
3793,a
3794,g
3795,t
3796,t
3797,t
3798,g
3799,t
3800,t
3801,a
3802,a
3803,t
3804,a
3805,c
3806,c
3807,c
3808,c
3809,t
3810,c
3811,c
3812,c
3813,t
3814,t
3815,a
3816,g
3817,t
3818,g
3819,a
3820,a
3821,a
3822,t
3823,t
3824,a
3825,t
3826,g
3827,g
3828,t
3829,a
3830,c
3831,c
3832,a
3833,g
3834,t
3835,t
3836,a
3837,g
3838,a
3839,g
3840,a
3841,a
3842,a
3843,g
3844,a
3845,a
3846,c
3847,c
3848,c
3849,a
3850,t
3851,a
3852,g
3853,t
3854,a
3855,g
3856,g
3857,a
3858,g
3859,c
3860,a
3861,g
3862,a
3863,a
3864,a
3865,c
3866,c
3867,t
3868,t
3869,c
3870,t
3871,a
3872,t
3873,g
3874,t
3875,a
3876,g
3877,a
3878,t
3879,g
3880,g
3881,g
3882,g
3883,c
3884,a
3885,g
3886,c
3887,t
3888,a
3889,a
3890,c
3891,a
3892,g
3893,g
3894,g
3895,a
3896,g
3897,a
3898,c
3899,t
3900,a
3901,a
3902,a
3903,t
3904,t
3905,a
3906,g
3907,g
3908,a
3909,a
3910,a
3911,a
3912,g
3913,c
3914,a
3915,g
3916,g
3917,a
3918,t
3919,a
3920,t
3921,g
3922,t
3923,t
3924,a
3925,c
3926,t
3927,a
3928,a
3929,t
3930,a
3931,g
3932,a
3933,g
3934,g
3935,a
3936,a
3937,g
3938,a
3939,c
3940,a
3941,a
3942,a
3943,a
3944,a
3945,g
3946,t
3947,t
3948,g
3949,t
3950,c
3951,a
3952,c
3953,c
3954,c
3955,t
3956,a
3957,a
3958,c
3959,t
3960,g
3961,a
3962,c
3963,a
3964,c
3965,a
3966,a
3967,c
3968,a
3969,a
3970,a
3971,t
3972,c
3973,a
3974,g
3975,a
3976,a
3977,g
3978,a
3979,c
3980,t
3981,g
3982,a
3983,g
3984,t
3985,t
3986,a
3987,c
3988,a
3989,a
3990,g
3991,c
3992,a
3993,a
3994,t
3995,t
3996,t
3997,a
3998,t
3999,c
4000,t
4001,a
4002,g
4003,c
4004,t
4005,t
4006,t
4007,g
4008,c
4009,a
4010,g
4011,g
4012,a
4013,t
4014,t
4015,c
4016,g
4017,g
4018,g
4019,a
4020,t
4021,t
4022,a
4023,g
4024,a
4025,a
4026,g
4027,t
4028,a
4029,a
4030,a
4031,c
4032,a
4033,t
4034,a
4035,g
4036,t
4037,a
4038,a
4039,c
4040,a
4041,g
4042,a
4043,c
4044,t
4045,c
4046,a
4047,c
4048,a
4049,a
4050,t
4051,a
4052,t
4053,g
4054,c
4055,a
4056,t
4057,t
4058,a
4059,g
4060,g
4061,a
4062,a
4063,t
4064,c
4065,a
4066,t
4067,t
4068,c
4069,a
4070,a
4071,g
4072,c
4073,a
4074,c
4075,a
4076,a
4077,c
4078,c
4079,a
4080,g
4081,a
4082,t
4083,c
4084,a
4085,a
4086,a
4087,g
4088,t
4089,g
4090,a
4091,a
4092,t
4093,c
4094,a
4095,g
4096,a
4097,g
4098,t
4099,t
4100,a
4101,g
4102,t
4103,c
4104,a
4105,a
4106,t
4107,c
4108,a
4109,a
4110,a
4111,t
4112,a
4113,a
4114,t
4115,a
4116,g
4117,a
4118,g
4119,c
4120,a
4121,g
4122,t
4123,t
4124,a
4125,a
4126,t
4127,a
4128,a
4129,a
4130,a
4131,a
4132,a
4133,g
4134,g
4135,a
4136,a
4137,a
4138,a
4139,g
4140,g
4141,t
4142,c
4143,t
4144,a
4145,t
4146,c
4147,t
4148,g
4149,g
4150,c
4151,a
4152,t
4153,g
4154,g
4155,g
4156,t
4157,a
4158,c
4159,c
4160,a
4161,g
4162,c
4163,a
4164,c
4165,a
4166,c
4167,a
4168,a
4169,a
4170,g
4171,g
4172,a
4173,a
4174,t
4175,t
4176,g
4177,g
4178,a
4179,g
4180,g
4181,a
4182,a
4183,a
4184,t
4185,g
4186,a
4187,a
4188,c
4189,a
4190,a
4191,g
4192,t
4193,a
4194,g
4195,a
4196,t
4197,a
4198,a
4199,a
4200,t
4201,t
4202,a
4203,g
4204,t
4205,c
4206,a
4207,g
4208,t
4209,g
4210,c
4211,t
4212,g
4213,g
4214,a
4215,a
4216,t
4217,c
4218,a
4219,g
4220,g
4221,a
4222,a
4223,a
4224,g
4225,t
4226,a
4227,c
4228,t
4229,a
4230,t
4231,t
4232,t
4233,t
4234,t
4235,a
4236,g
4237,a
4238,t
4239,g
4240,g
4241,a
4242,a
4243,t
4244,a
4245,g
4246,a
4247,t
4248,a
4249,a
4250,g
4251,g
4252,c
4253,c
4254,c
4255,a
4256,a
4257,g
4258,a
4259,t
4260,g
4261,a
4262,a
4263,c
4264,a
4265,t
4266,g
4267,a
4268,g
4269,a
4270,a
4271,a
4272,t
4273,a
4274,t
4275,c
4276,a
4277,c
4278,a
4279,g
4280,t
4281,a
4282,a
4283,t
4284,t
4285,g
4286,g
4287,a
4288,g
4289,a
4290,g
4291,c
4292,a
4293,a
4294,t
4295,g
4296,g
4297,c
4298,t
4299,a
4300,g
4301,t
4302,g
4303,a
4304,t
4305,t
4306,t
4307,t
4308,a
4309,a
4310,c
4311,c
4312,t
4313,g
4314,c
4315,c
4316,a
4317,c
4318,c
4319,t
4320,g
4321,t
4322,a
4323,g
4324,t
4325,a
4326,g
4327,c
4328,a
4329,a
4330,a
4331,a
4332,g
4333,a
4334,a
4335,a
4336,t
4337,a
4338,g
4339,t
4340,a
4341,g
4342,c
4343,c
4344,a
4345,g
4346,c
4347,t
4348,g
4349,t
4350,g
4351,a
4352,t
4353,a
4354,a
4355,a
4356,t
4357,g
4358,t
4359,c
4360,a
4361,g
4362,c
4363,t
4364,a
4365,a
4366,a
4367,a
4368,g
4369,g
4370,a
4371,g
4372,a
4373,a
4374,g
4375,c
4376,c
4377,a
4378,t
4379,g
4380,c
4381,a
4382,t
4383,g
4384,g
4385,a
4386,c
4387,a
4388,a
4389,g
4390,t
4391,a
4392,g
4393,a
4394,c
4395,t
4396,g
4397,t
4398,a
4399,g
4400,t
4401,c
4402,c
4403,a
4404,g
4405,g
4406,a
4407,a
4408,t
4409,a
4410,t
4411,g
4412,g
4413,c
4414,a
4415,a
4416,c
4417,t
4418,a
4419,g
4420,a
4421,t
4422,t
4423,g
4424,t
4425,a
4426,c
4427,a
4428,c
4429,a
4430,t
4431,t
4432,t
4433,a
4434,g
4435,a
4436,a
4437,g
4438,g
4439,a
4440,a
4441,a
4442,a
4443,g
4444,t
4445,t
4446,a
4447,t
4448,c
4449,c
4450,t
4451,g
4452,g
4453,t
4454,a
4455,g
4456,c
4457,a
4458,g
4459,t
4460,t
4461,c
4462,a
4463,t
4464,g
4465,t
4466,a
4467,g
4468,c
4469,c
4470,a
4471,g
4472,t
4473,g
4474,g
4475,a
4476,t
4477,a
4478,t
4479,a
4480,t
4481,a
4482,g
4483,a
4484,a
4485,g
4486,c
4487,a
4488,g
4489,a
4490,a
4491,g
4492,t
4493,t
4494,a
4495,t
4496,t
4497,c
4498,c
4499,a
4500,g
4501,c
4502,a
4503,g
4504,a
4505,a
4506,a
4507,c
4508,a
4509,g
4510,g
4511,g
4512,c
4513,a
4514,g
4515,g
4516,a
4517,a
4518,a
4519,c
4520,a
4521,g
4522,c
4523,a
4524,t
4525,a
4526,t
4527,t
4528,t
4529,t
4530,c
4531,t
4532,t
4533,t
4534,t
4535,a
4536,a
4537,a
4538,a
4539,t
4540,t
4541,a
4542,g
4543,c
4544,a
4545,g
4546,g
4547,a
4548,a
4549,g
4550,a
4551,t
4552,g
4553,g
4554,c
4555,c
4556,a
4557,g
4558,t
4559,a
4560,a
4561,a
4562,a
4563,a
4564,c
4565,a
4566,a
4567,t
4568,a
4569,c
4570,a
4571,t
4572,a
4573,c
4574,t
4575,g
4576,a
4577,c
4578,a
4579,a
4580,t
4581,g
4582,g
4583,c
4584,a
4585,g
4586,c
4587,a
4588,a
4589,t
4590,t
4591,t
4592,c
4593,a
4594,c
4595,c
4596,g
4597,g
4598,t
4599,g
4600,c
4601,t
4602,a
4603,c
4604,g
4605,g
4606,t
4607,t
4608,a
4609,g
4610,g
4611,g
4612,c
4613,c
4614,g
4615,c
4616,c
4617,t
4618,g
4619,t
4620,t
4621,g
4622,g
4623,t
4624,g
4625,g
4626,g
4627,c
4628,g
4629,g
4630,g
4631,a
4632,a
4633,t
4634,c
4635,a
4636,a
4637,g
4638,c
4639,a
4640,g
4641,g
4642,a
4643,a
4644,t
4645,t
4646,t
4647,g
4648,g
4649,a
4650,a
4651,t
4652,t
4653,c
4654,c
4655,c
4656,t
4657,a
4658,c
4659,a
4660,a
4661,t
4662,c
4663,c
4664,c
4665,c
4666,a
4667,a
4668,a
4669,g
4670,t
4671,c
4672,a
4673,a
4674,g
4675,g
4676,a
4677,g
4678,t
4679,a
4680,g
4681,t
4682,a
4683,g
4684,a
4685,a
4686,t
4687,c
4688,t
4689,a
4690,t
4691,g
4692,a
4693,a
4694,t
4695,a
4696,a
4697,a
4698,g
4699,a
4700,a
4701,t
4702,t
4703,a
4704,a
4705,a
4706,g
4707,a
4708,a
4709,a
4710,a
4711,t
4712,t
4713,a
4714,t
4715,a
4716,g
4717,g
4718,a
4719,c
4720,a
4721,g
4722,g
4723,t
4724,a
4725,a
4726,g
4727,a
4728,g
4729,a
4730,t
4731,c
4732,a
4733,g
4734,g
4735,c
4736,t
4737,g
4738,a
4739,a
4740,c
4741,a
4742,t
4743,c
4744,t
4745,t
4746,a
4747,a
4748,g
4749,a
4750,c
4751,a
4752,g
4753,c
4754,a
4755,g
4756,t
4757,a
4758,c
4759,a
4760,a
4761,a
4762,t
4763,g
4764,g
4765,c
4766,a
4767,g
4768,t
4769,a
4770,t
4771,t
4772,c
4773,a
4774,t
4775,c
4776,c
4777,a
4778,c
4779,a
4780,a
4781,t
4782,t
4783,t
4784,t
4785,a
4786,a
4787,a
4788,a
4789,g
4790,a
4791,a
4792,a
4793,a
4794,g
4795,g
4796,g
4797,g
4798,g
4799,g
4800,a
4801,t
4802,t
4803,g
4804,g
4805,g
4806,g
4807,g
4808,g
4809,t
4810,a
4811,c
4812,a
4813,g
4814,t
4815,g
4816,c
4817,a
4818,g
4819,g
4820,g
4821,g
4822,a
4823,a
4824,a
4825,g
4826,a
4827,a
4828,t
4829,a
4830,g
4831,t
4832,a
4833,g
4834,a
4835,c
4836,a
4837,t
4838,a
4839,a
4840,t
4841,a
4842,g
4843,c
4844,a
4845,a
4846,c
4847,a
4848,g
4849,a
4850,c
4851,a
4852,t
4853,a
4854,c
4855,a
4856,a
4857,a
4858,c
4859,t
4860,a
4861,a
4862,a
4863,g
4864,a
4865,a
4866,t
4867,t
4868,a
4869,c
4870,a
4871,a
4872,a
4873,a
4874,a
4875,c
4876,a
4877,a
4878,a
4879,t
4880,t
4881,a
4882,c
4883,a
4884,a
4885,a
4886,a
4887,a
4888,t
4889,t
4890,c
4891,a
4892,a
4893,a
4894,a
4895,t
4896,t
4897,t
4898,t
4899,c
4900,g
4901,g
4902,g
4903,t
4904,t
4905,t
4906,a
4907,t
4908,t
4909,a
4910,c
4911,a
4912,g
4913,g
4914,g
4915,a
4916,c
4917,a
4918,g
4919,c
4920,a
4921,g
4922,a
4923,a
4924,a
4925,t
4926,c
4927,c
4928,a
4929,c
4930,t
4931,t
4932,t
4933,g
4934,g
4935,a
4936,a
4937,a
4938,g
4939,g
4940,a
4941,c
4942,c
4943,a
4944,g
4945,c
4946,a
4947,a
4948,a
4949,g
4950,c
4951,t
4952,c
4953,c
4954,t
4955,c
4956,t
4957,g
4958,g
4959,a
4960,a
4961,a
4962,g
4963,g
4964,t
4965,g
4966,a
4967,a
4968,g
4969,g
4970,g
4971,g
4972,c
4973,a
4974,g
4975,t
4976,a
4977,g
4978,t
4979,a
4980,a
4981,t
4982,a
4983,c
4984,a
4985,a
4986,g
4987,a
4988,t
4989,a
4990,a
4991,t
4992,a
4993,g
4994,t
4995,g
4996,a
4997,c
4998,a
4999,t
5000,a
5001,a
5002,a
5003,a
5004,g
5005,t
5006,a
5007,g
5008,t
5009,g
5010,c
5011,c
5012,a
5013,a
5014,g
5015,a
5016,a
5017,g
5018,a
5019,a
5020,a
5021,a
5022,g
5023,c
5024,a
5025,a
5026,a
5027,g
5028,a
5029,t
5030,c
5031,a
5032,t
5033,t
5034,a
5035,g
5036,g
5037,g
5038,a
5039,t
5040,t
5041,a
5042,t
5043,g
5044,g
5045,a
5046,a
5047,a
5048,a
5049,c
5050,a
5051,g
5052,a
5053,t
5054,g
5055,g
5056,c
5057,a
5058,g
5059,g
5060,t
5061,g
5062,a
5063,t
5064,g
5065,a
5066,t
5067,t
5068,g
5069,t
5070,g
5071,t
5072,g
5073,g
5074,c
5075,a
5076,a
5077,g
5078,t
5079,a
5080,g
5081,a
5082,c
5083,a
5084,g
5085,g
5086,a
5087,t
5088,g
5089,a
5090,g
5091,g
5092,a
5093,t
5094,t
5095,a
5096,g
5097,a
5098,a
5099,c
5100,a
5101,t
5102,g
5103,g
5104,a
5105,a
5106,a
5107,a
5108,g
5109,t
5110,t
5111,t
5112,a
5113,g
5114,t
5115,a
5116,a
5117,a
5118,a
5119,c
5120,a
5121,c
5122,c
5123,a
5124,t
5125,a
5126,t
5127,g
5128,t
5129,a
5130,t
5131,g
5132,t
5133,t
5134,t
5135,c
5136,a
5137,g
5138,g
5139,g
5140,a
5141,a
5142,a
5143,g
5144,c
5145,t
5146,a
5147,g
5148,g
5149,g
5150,g
5151,a
5152,t
5153,g
5154,g
5155,t
5156,t
5157,t
5158,t
5159,a
5160,t
5161,a
5162,g
5163,a
5164,c
5165,a
5166,t
5167,c
5168,a
5169,c
5170,t
5171,a
5172,t
5173,g
5174,a
5175,a
5176,a
5177,g
5178,c
5179,c
5180,c
5181,t
5182,c
5183,a
5184,t
5185,c
5186,c
5187,a
5188,a
5189,g
5190,a
5191,a
5192,t
5193,a
5194,a
5195,g
5196,t
5197,t
5198,c
5199,a
5200,g
5201,a
5202,a
5203,g
5204,t
5205,a
5206,c
5207,a
5208,c
5209,a
5210,t
5211,c
5212,c
5213,c
5214,a
5215,c
5216,t
5217,a
5218,g
5219,g
5220,g
5221,g
5222,a
5223,t
5224,g
5225,c
5226,t
5227,a
5228,g
5229,a
5230,t
5231,t
5232,g
5233,g
5234,t
5235,a
5236,a
5237,t
5238,a
5239,a
5240,c
5241,a
5242,a
5243,c
5244,a
5245,t
5246,a
5247,t
5248,t
5249,g
5250,g
5251,g
5252,g
5253,t
5254,c
5255,t
5256,g
5257,c
5258,a
5259,t
5260,a
5261,c
5262,a
5263,g
5264,g
5265,a
5266,g
5267,a
5268,a
5269,a
5270,g
5271,a
5272,g
5273,a
5274,c
5275,t
5276,g
5277,g
5278,c
5279,a
5280,t
5281,t
5282,t
5283,g
5284,g
5285,g
5286,t
5287,c
5288,a
5289,g
5290,g
5291,g
5292,a
5293,g
5294,t
5295,c
5296,t
5297,c
5298,c
5299,a
5300,t
5301,a
5302,g
5303,a
5304,a
5305,t
5306,g
5307,g
5308,a
5309,g
5310,g
5311,a
5312,a
5313,a
5314,a
5315,a
5316,g
5317,a
5318,g
5319,a
5320,t
5321,a
5322,t
5323,a
5324,g
5325,c
5326,a
5327,c
5328,a
5329,c
5330,a
5331,a
5332,g
5333,t
5334,a
5335,g
5336,a
5337,c
5338,c
5339,c
5340,t
5341,g
5342,a
5343,a
5344,c
5345,t
5346,a
5347,g
5348,c
5349,a
5350,g
5351,a
5352,c
5353,c
5354,a
5355,a
5356,c
5357,t
5358,a
5359,a
5360,t
5361,t
5362,c
5363,a
5364,t
5365,c
5366,t
5367,g
5368,t
5369,a
5370,t
5371,t
5372,a
5373,c
5374,t
5375,t
5376,t
5377,g
5378,a
5379,c
5380,t
5381,g
5382,t
5383,t
5384,t
5385,t
5386,t
5387,c
5388,a
5389,g
5390,a
5391,c
5392,t
5393,c
5394,t
5395,g
5396,c
5397,t
5398,a
5399,t
5400,a
5401,a
5402,g
5403,a
5404,a
5405,a
5406,g
5407,g
5408,c
5409,c
5410,t
5411,t
5412,a
5413,t
5414,t
5415,a
5416,g
5417,g
5418,a
5419,c
5420,a
5421,c
5422,a
5423,t
5424,a
5425,g
5426,t
5427,t
5428,a
5429,g
5430,c
5431,c
5432,c
5433,t
5434,a
5435,g
5436,g
5437,t
5438,g
5439,t
5440,g
5441,a
5442,a
5443,t
5444,a
5445,t
5446,c
5447,a
5448,a
5449,g
5450,c
5451,a
5452,g
5453,g
5454,a
5455,c
5456,a
5457,t
5458,a
5459,a
5460,c
5461,a
5462,a
5463,g
5464,g
5465,t
5466,a
5467,g
5468,g
5469,a
5470,t
5471,c
5472,t
5473,c
5474,t
5475,a
5476,c
5477,a
5478,a
5479,t
5480,a
5481,c
5482,t
5483,t
5484,g
5485,g
5486,c
5487,a
5488,c
5489,t
5490,a
5491,g
5492,c
5493,a
5494,g
5495,c
5496,a
5497,t
5498,t
5499,a
5500,a
5501,t
5502,a
5503,a
5504,c
5505,a
5506,c
5507,c
5508,a
5509,a
5510,a
5511,a
5512,a
5513,a
5514,g
5515,a
5516,t
5517,a
5518,a
5519,a
5520,g
5521,c
5522,c
5523,a
5524,c
5525,c
5526,t
5527,t
5528,t
5529,g
5530,c
5531,c
5532,t
5533,a
5534,g
5535,t
5536,g
5537,t
5538,t
5539,a
5540,c
5541,g
5542,a
5543,a
5544,a
5545,c
5546,t
5547,g
5548,a
5549,c
5550,a
5551,g
5552,a
5553,g
5554,g
5555,a
5556,t
5557,a
5558,g
5559,a
5560,t
5561,g
5562,g
5563,a
5564,a
5565,c
5566,a
5567,a
5568,g
5569,c
5570,c
5571,c
5572,c
5573,a
5574,g
5575,a
5576,a
5577,g
5578,a
5579,c
5580,c
5581,a
5582,a
5583,g
5584,g
5585,g
5586,c
5587,c
5588,a
5589,c
5590,a
5591,g
5592,a
5593,g
5594,g
5595,g
5596,a
5597,g
5598,c
5599,c
5600,a
5601,c
5602,a
5603,c
5604,a
5605,a
5606,t
5607,g
5608,a
5609,a
5610,t
5611,g
5612,g
5613,a
5614,c
5615,a
5616,c
5617,t
5618,a
5619,g
5620,a
5621,g
5622,c
5623,t
5624,t
5625,t
5626,t
5627,a
5628,g
5629,a
5630,g
5631,g
5632,a
5633,g
5634,c
5635,t
5636,t
5637,a
5638,a
5639,g
5640,a
5641,a
5642,t
5643,g
5644,a
5645,a
5646,g
5647,c
5648,t
5649,g
5650,t
5651,t
5652,a
5653,g
5654,a
5655,c
5656,a
5657,t
5658,t
5659,t
5660,t
5661,c
5662,c
5663,t
5664,a
5665,g
5666,g
5667,a
5668,t
5669,t
5670,t
5671,g
5672,g
5673,c
5674,t
5675,c
5676,c
5677,a
5678,t
5679,g
5680,g
5681,c
5682,t
5683,t
5684,a
5685,g
5686,g
5687,g
5688,c
5689,a
5690,a
5691,c
5692,a
5693,t
5694,a
5695,t
5696,c
5697,t
5698,a
5699,t
5700,g
5701,a
5702,a
5703,a
5704,c
5705,t
5706,t
5707,a
5708,t
5709,g
5710,g
5711,g
5712,g
5713,a
5714,t
5715,a
5716,c
5717,t
5718,t
5719,g
5720,g
5721,g
5722,c
5723,a
5724,g
5725,g
5726,a
5727,g
5728,t
5729,g
5730,g
5731,a
5732,a
5733,g
5734,c
5735,c
5736,a
5737,t
5738,a
5739,a
5740,t
5741,a
5742,a
5743,g
5744,a
5745,a
5746,t
5747,t
5748,c
5749,t
5750,g
5751,c
5752,a
5753,a
5754,c
5755,a
5756,a
5757,c
5758,t
5759,g
5760,c
5761,t
5762,g
5763,t
5764,t
5765,t
5766,a
5767,t
5768,c
5769,c
5770,a
5771,t
5772,t
5773,t
5774,t
5775,c
5776,a
5777,g
5778,a
5779,a
5780,t
5781,t
5782,g
5783,g
5784,g
5785,t
5786,g
5787,t
5788,c
5789,g
5790,a
5791,c
5792,a
5793,t
5794,a
5795,g
5796,c
5797,a
5798,g
5799,a
5800,a
5801,t
5802,a
5803,g
5804,g
5805,c
5806,g
5807,t
5808,t
5809,a
5810,c
5811,t
5812,c
5813,g
5814,a
5815,c
5816,a
5817,g
5818,a
5819,g
5820,g
5821,a
5822,g
5823,a
5824,g
5825,c
5826,a
5827,a
5828,g
5829,a
5830,a
5831,a
5832,t
5833,g
5834,g
5835,a
5836,g
5837,c
5838,c
5839,a
5840,g
5841,t
5842,a
5843,g
5844,a
5845,t
5846,c
5847,c
5848,t
5849,a
5850,g
5851,a
5852,c
5853,t
5854,a
5855,g
5856,a
5857,g
5858,c
5859,c
5860,c
5861,t
5862,g
5863,g
5864,a
5865,a
5866,g
5867,c
5868,a
5869,t
5870,c
5871,c
5872,a
5873,g
5874,g
5875,a
5876,a
5877,g
5878,t
5879,c
5880,a
5881,g
5882,c
5883,c
5884,t
5885,a
5886,a
5887,a
5888,a
5889,c
5890,t
5891,g
5892,c
5893,t
5894,t
5895,g
5896,t
5897,a
5898,c
5899,c
5900,a
5901,a
5902,t
5903,t
5904,g
5905,c
5906,t
5907,a
5908,t
5909,t
5910,g
5911,t
5912,a
5913,a
5914,a
5915,a
5916,a
5917,g
5918,t
5919,g
5920,t
5921,t
5922,g
5923,c
5924,t
5925,t
5926,t
5927,c
5928,a
5929,t
5930,t
5931,g
5932,c
5933,c
5934,a
5935,a
5936,g
5937,t
5938,t
5939,t
5940,g
5941,t
5942,t
5943,t
5944,c
5945,a
5946,t
5947,a
5948,a
5949,c
5950,a
5951,a
5952,a
5953,a
5954,g
5955,c
5956,c
5957,t
5958,t
5959,a
5960,g
5961,g
5962,c
5963,a
5964,t
5965,c
5966,t
5967,c
5968,c
5969,t
5970,a
5971,t
5972,g
5973,g
5974,c
5975,a
5976,g
5977,g
5978,a
5979,a
5980,g
5981,a
5982,a
5983,g
5984,c
5985,g
5986,g
5987,a
5988,g
5989,a
5990,c
5991,a
5992,g
5993,c
5994,g
5995,a
5996,c
5997,g
5998,a
5999,a
6000,g
6001,a
6002,g
6003,c
6004,t
6005,c
6006,a
6007,t
6008,c
6009,a
6010,g
6011,a
6012,a
6013,c
6014,a
6015,g
6016,t
6017,c
6018,a
6019,g
6020,a
6021,c
6022,t
6023,c
6024,a
6025,t
6026,c
6027,a
6028,a
6029,g
6030,c
6031,t
6032,t
6033,c
6034,t
6035,c
6036,t
6037,a
6038,t
6039,c
6040,a
6041,a
6042,a
6043,g
6044,c
6045,a
6046,g
6047,t
6048,a
6049,a
6050,g
6051,t
6052,a
6053,g
6054,t
6055,a
6056,c
6057,a
6058,t
6059,g
6060,t
6061,a
6062,a
6063,c
6064,g
6065,c
6066,a
6067,a
6068,c
6069,c
6070,t
6071,a
6072,t
6073,a
6074,c
6075,c
6076,a
6077,a
6078,t
6079,a
6080,g
6081,t
6082,a
6083,g
6084,c
6085,a
6086,a
6087,t
6088,a
6089,g
6090,t
6091,a
6092,g
6093,c
6094,a
6095,t
6096,t
6097,a
6098,g
6099,t
6100,a
6101,g
6102,t
6103,a
6104,g
6105,c
6106,a
6107,a
6108,t
6109,a
6110,a
6111,t
6112,a
6113,a
6114,t
6115,a
6116,g
6117,c
6118,a
6119,a
6120,t
6121,a
6122,g
6123,t
6124,t
6125,g
6126,t
6127,g
6128,t
6129,g
6130,g
6131,t
6132,c
6133,c
6134,a
6135,t
6136,a
6137,g
6138,t
6139,a
6140,a
6141,t
6142,c
6143,a
6144,t
6145,a
6146,g
6147,a
6148,a
6149,t
6150,a
6151,t
6152,a
6153,g
6154,g
6155,a
6156,a
6157,a
6158,a
6159,t
6160,a
6161,t
6162,t
6163,a
6164,a
6165,g
6166,a
6167,c
6168,a
6169,a
6170,a
6171,g
6172,a
6173,a
6174,a
6175,a
6176,a
6177,t
6178,a
6179,g
6180,a
6181,c
6182,a
6183,g
6184,g
6185,t
6186,t
6187,a
6188,a
6189,t
6190,t
6191,g
6192,a
6193,t
6194,a
6195,g
6196,a
6197,c
6198,t
6199,a
6200,a
6201,t
6202,a
6203,g
6204,a
6205,a
6206,a
6207,g
6208,a
6209,g
6210,c
6211,a
6212,g
6213,a
6214,a
6215,g
6216,a
6217,c
6218,a
6219,g
6220,t
6221,g
6222,g
6223,c
6224,a
6225,a
6226,t
6227,g
6228,a
6229,g
6230,a
6231,g
6232,t
6233,g
6234,a
6235,a
6236,g
6237,g
6238,a
6239,g
6240,a
6241,a
6242,a
6243,t
6244,a
6245,t
6246,c
6247,a
6248,g
6249,c
6250,a
6251,c
6252,t
6253,t
6254,g
6255,t
6256,g
6257,g
6258,a
6259,g
6260,a
6261,t
6262,g
6263,g
6264,g
6265,g
6266,g
6267,t
6268,g
6269,g
6270,a
6271,g
6272,a
6273,t
6274,g
6275,g
6276,g
6277,g
6278,c
6279,a
6280,c
6281,c
6282,a
6283,t
6284,g
6285,c
6286,t
6287,c
6288,c
6289,t
6290,t
6291,g
6292,g
6293,g
6294,a
6295,t
6296,g
6297,t
6298,t
6299,g
6300,a
6301,t
6302,g
6303,a
6304,t
6305,c
6306,t
6307,g
6308,t
6309,a
6310,g
6311,t
6312,g
6313,c
6314,t
6315,a
6316,c
6317,a
6318,g
6319,a
6320,a
6321,a
6322,a
6323,a
6324,t
6325,t
6326,g
6327,t
6328,g
6329,g
6330,g
6331,t
6332,c
6333,a
6334,c
6335,a
6336,g
6337,t
6338,c
6339,t
6340,a
6341,t
6342,t
6343,a
6344,t
6345,g
6346,g
6347,g
6348,g
6349,t
6350,a
6351,c
6352,c
6353,t
6354,g
6355,t
6356,g
6357,t
6358,g
6359,g
6360,a
6361,a
6362,g
6363,g
6364,a
6365,a
6366,g
6367,c
6368,a
6369,a
6370,c
6371,c
6372,a
6373,c
6374,c
6375,a
6376,c
6377,t
6378,c
6379,t
6380,a
6381,t
6382,t
6383,t
6384,t
6385,g
6386,t
6387,g
6388,c
6389,a
6390,t
6391,c
6392,a
6393,g
6394,a
6395,t
6396,g
6397,c
6398,t
6399,a
6400,a
6401,a
6402,g
6403,c
6404,a
6405,t
6406,a
6407,t
6408,g
6409,a
6410,t
6411,a
6412,c
6413,a
6414,g
6415,a
6416,g
6417,g
6418,t
6419,a
6420,c
6421,a
6422,t
6423,a
6424,a
6425,t
6426,g
6427,t
6428,t
6429,t
6430,g
6431,g
6432,g
6433,c
6434,c
6435,a
6436,c
6437,a
6438,c
6439,a
6440,t
6441,g
6442,c
6443,c
6444,t
6445,g
6446,t
6447,g
6448,t
6449,a
6450,c
6451,c
6452,c
6453,a
6454,c
6455,a
6456,g
6457,a
6458,c
6459,c
6460,c
6461,c
6462,a
6463,a
6464,c
6465,c
6466,c
6467,a
6468,c
6469,a
6470,a
6471,g
6472,a
6473,a
6474,g
6475,t
6476,a
6477,g
6478,t
6479,a
6480,t
6481,t
6482,g
6483,g
6484,t
6485,a
6486,a
6487,a
6488,t
6489,g
6490,t
6491,g
6492,a
6493,c
6494,a
6495,g
6496,a
6497,a
6498,a
6499,a
6500,t
6501,t
6502,t
6503,t
6504,a
6505,a
6506,c
6507,a
6508,t
6509,g
6510,t
6511,g
6512,g
6513,a
6514,a
6515,a
6516,a
6517,a
6518,t
6519,g
6520,a
6521,c
6522,a
6523,t
6524,g
6525,g
6526,t
6527,a
6528,g
6529,a
6530,a
6531,c
6532,a
6533,g
6534,a
6535,t
6536,g
6537,c
6538,a
6539,t
6540,g
6541,a
6542,g
6543,g
6544,a
6545,t
6546,a
6547,t
6548,a
6549,a
6550,t
6551,c
6552,a
6553,g
6554,t
6555,t
6556,t
6557,a
6558,t
6559,g
6560,g
6561,g
6562,a
6563,t
6564,c
6565,a
6566,a
6567,a
6568,g
6569,c
6570,c
6571,t
6572,a
6573,a
6574,a
6575,g
6576,c
6577,c
6578,a
6579,t
6580,g
6581,t
6582,g
6583,t
6584,a
6585,a
6586,a
6587,a
6588,t
6589,t
6590,a
6591,a
6592,c
6593,c
6594,c
6595,c
6596,a
6597,c
6598,t
6599,c
6600,t
6601,g
6602,t
6603,g
6604,t
6605,t
6606,a
6607,g
6608,t
6609,t
6610,t
6611,a
6612,a
6613,a
6614,g
6615,t
6616,g
6617,c
6618,a
6619,c
6620,t
6621,g
6622,a
6623,t
6624,t
6625,t
6626,g
6627,a
6628,a
6629,g
6630,a
6631,a
6632,t
6633,g
6634,a
6635,t
6636,a
6637,c
6638,t
6639,a
6640,a
6641,t
6642,a
6643,c
6644,c
6645,a
6646,a
6647,t
6648,a
6649,g
6650,t
6651,a
6652,g
6653,t
6654,a
6655,g
6656,c
6657,g
6658,g
6659,g
6660,a
6661,g
6662,a
6663,a
6664,t
6665,g
6666,a
6667,t
6668,a
6669,a
6670,t
6671,g
6672,g
6673,a
6674,g
6675,a
6676,a
6677,a
6678,g
6679,g
6680,a
6681,g
6682,a
6683,g
6684,a
6685,t
6686,a
6687,a
6688,a
6689,a
6690,a
6691,a
6692,c
6693,t
6694,g
6695,c
6696,t
6697,c
6698,t
6699,t
6700,t
6701,c
6702,a
6703,a
6704,t
6705,a
6706,t
6707,c
6708,a
6709,g
6710,c
6711,a
6712,c
6713,a
6714,a
6715,g
6716,c
6717,a
6718,t
6719,a
6720,a
6721,g
6722,a
6723,g
6724,g
6725,t
6726,a
6727,a
6728,g
6729,g
6730,t
6731,g
6732,c
6733,a
6734,g
6735,a
6736,a
6737,a
6738,g
6739,a
6740,a
6741,t
6742,a
6743,t
6744,g
6745,c
6746,a
6747,t
6748,t
6749,t
6750,t
6751,t
6752,t
6753,t
6754,a
6755,t
6756,a
6757,a
6758,a
6759,c
6760,t
6761,t
6762,g
6763,a
6764,t
6765,a
6766,t
6767,a
6768,a
6769,t
6770,a
6771,c
6772,c
6773,a
6774,a
6775,t
6776,a
6777,g
6778,a
6779,t
6780,a
6781,a
6782,t
6783,g
6784,a
6785,t
6786,a
6787,c
6788,t
6789,a
6790,c
6791,c
6792,a
6793,g
6794,c
6795,t
6796,a
6797,t
6798,a
6799,a
6800,g
6801,t
6802,t
6803,g
6804,a
6805,c
6806,a
6807,a
6808,g
6809,t
6810,t
6811,g
6812,t
6813,a
6814,a
6815,c
6816,a
6817,c
6818,c
6819,t
6820,c
6821,a
6822,g
6823,t
6824,c
6825,a
6826,t
6827,t
6828,a
6829,c
6830,a
6831,c
6832,a
6833,g
6834,g
6835,c
6836,c
6837,t
6838,g
6839,t
6840,c
6841,c
6842,a
6843,a
6844,a
6845,g
6846,g
6847,t
6848,a
6849,t
6850,c
6851,c
6852,t
6853,t
6854,t
6855,g
6856,a
6857,g
6858,c
6859,c
6860,a
6861,a
6862,t
6863,t
6864,c
6865,c
6866,c
6867,a
6868,t
6869,a
6870,c
6871,a
6872,t
6873,t
6874,a
6875,t
6876,t
6877,g
6878,t
6879,g
6880,c
6881,c
6882,c
6883,c
6884,g
6885,g
6886,c
6887,t
6888,g
6889,g
6890,t
6891,t
6892,t
6893,t
6894,g
6895,c
6896,g
6897,a
6898,t
6899,t
6900,c
6901,t
6902,a
6903,a
6904,a
6905,a
6906,t
6907,g
6908,t
6909,a
6910,a
6911,t
6912,a
6913,a
6914,t
6915,a
6916,a
6917,g
6918,a
6919,c
6920,g
6921,t
6922,t
6923,c
6924,a
6925,a
6926,t
6927,g
6928,g
6929,a
6930,a
6931,c
6932,a
6933,g
6934,g
6935,a
6936,c
6937,c
6938,a
6939,t
6940,g
6941,t
6942,a
6943,c
6944,a
6945,a
6946,a
6947,t
6948,g
6949,t
6950,c
6951,a
6952,g
6953,c
6954,a
6955,c
6956,a
6957,g
6958,t
6959,a
6960,c
6961,a
6962,a
6963,t
6964,g
6965,t
6966,a
6967,c
6968,a
6969,c
6970,a
6971,t
6972,g
6973,g
6974,a
6975,a
6976,t
6977,t
6978,a
6979,g
6980,g
6981,c
6982,c
6983,a
6984,g
6985,t
6986,a
6987,g
6988,t
6989,a
6990,t
6991,c
6992,a
6993,a
6994,c
6995,t
6996,c
6997,a
6998,a
6999,c
7000,t
7001,g
7002,c
7003,t
7004,g
7005,t
7006,t
7007,a
7008,a
7009,a
7010,t
7011,g
7012,g
7013,c
7014,a
7015,g
7016,t
7017,c
7018,t
7019,a
7020,g
7021,c
7022,a
7023,g
7024,a
7025,a
7026,g
7027,a
7028,a
7029,g
7030,a
7031,g
7032,g
7033,t
7034,a
7035,g
7036,t
7037,a
7038,a
7039,t
7040,t
7041,a
7042,g
7043,a
7044,t
7045,c
7046,t
7047,g
7048,t
7049,c
7050,a
7051,a
7052,t
7053,t
7054,t
7055,c
7056,a
7057,c
7058,g
7059,g
7060,a
7061,c
7062,a
7063,a
7064,t
7065,g
7066,c
7067,t
7068,a
7069,a
7070,a
7071,a
7072,c
7073,c
7074,a
7075,t
7076,a
7077,a
7078,t
7079,a
7080,g
7081,t
7082,a
7083,c
7084,a
7085,g
7086,c
7087,t
7088,g
7089,a
7090,a
7091,c
7092,a
7093,c
7094,a
7095,t
7096,c
7097,t
7098,g
7099,t
7100,a
7101,g
7102,a
7103,a
7104,a
7105,t
7106,t
7107,a
7108,a
7109,t
7110,t
7111,g
7112,t
7113,a
7114,c
7115,a
7116,a
7117,g
7118,a
7119,c
7120,c
7121,c
7122,a
7123,a
7124,c
7125,a
7126,a
7127,c
7128,a
7129,a
7130,t
7131,a
7132,c
7133,a
7134,a
7135,g
7136,a
7137,a
7138,a
7139,a
7140,a
7141,g
7142,a
7143,a
7144,t
7145,c
7146,c
7147,g
7148,t
7149,a
7150,t
7151,c
7152,c
7153,a
7154,g
7155,a
7156,g
7157,a
7158,g
7159,g
7160,a
7161,c
7162,c
7163,a
7164,g
7165,g
7166,g
7167,a
7168,g
7169,a
7170,g
7171,c
7172,a
7173,t
7174,t
7175,t
7176,g
7177,t
7178,t
7179,a
7180,c
7181,a
7182,a
7183,t
7184,a
7185,g
7186,g
7187,a
7188,a
7189,a
7190,a
7191,a
7192,t
7193,a
7194,g
7195,g
7196,a
7197,a
7198,a
7199,t
7200,a
7201,t
7202,g
7203,a
7204,g
7205,a
7206,c
7207,a
7208,a
7209,g
7210,c
7211,a
7212,c
7213,a
7214,t
7215,t
7216,g
7217,t
7218,a
7219,a
7220,c
7221,a
7222,t
7223,t
7224,a
7225,g
7226,t
7227,a
7228,g
7229,a
7230,g
7231,c
7232,a
7233,a
7234,a
7235,a
7236,t
7237,g
7238,g
7239,a
7240,a
7241,t
7242,a
7243,a
7244,c
7245,a
7246,c
7247,t
7248,t
7249,t
7250,a
7251,a
7252,a
7253,a
7254,c
7255,a
7256,g
7257,a
7258,t
7259,a
7260,g
7261,c
7262,t
7263,a
7264,g
7265,c
7266,a
7267,a
7268,a
7269,t
7270,t
7271,a
7272,a
7273,g
7274,a
7275,g
7276,a
7277,a
7278,c
7279,a
7280,a
7281,t
7282,t
7283,t
7284,g
7285,g
7286,a
7287,a
7288,a
7289,t
7290,a
7291,a
7292,t
7293,a
7294,a
7295,a
7296,a
7297,c
7298,a
7299,a
7300,t
7301,a
7302,a
7303,t
7304,c
7305,t
7306,t
7307,t
7308,a
7309,a
7310,g
7311,c
7312,a
7313,a
7314,t
7315,c
7316,c
7317,t
7318,c
7319,a
7320,g
7321,g
7322,a
7323,g
7324,g
7325,g
7326,g
7327,a
7328,c
7329,c
7330,c
7331,a
7332,g
7333,a
7334,a
7335,a
7336,t
7337,t
7338,g
7339,t
7340,a
7341,a
7342,c
7343,g
7344,c
7345,a
7346,c
7347,a
7348,g
7349,t
7350,t
7351,t
7352,t
7353,a
7354,a
7355,t
7356,t
7357,g
7358,t
7359,g
7360,g
7361,a
7362,g
7363,g
7364,g
7365,g
7366,a
7367,a
7368,t
7369,t
7370,t
7371,t
7372,t
7373,c
7374,t
7375,a
7376,c
7377,t
7378,g
7379,t
7380,a
7381,a
7382,t
7383,t
7384,c
7385,a
7386,a
7387,c
7388,a
7389,c
7390,a
7391,a
7392,c
7393,t
7394,g
7395,t
7396,t
7397,t
7398,a
7399,a
7400,t
7401,a
7402,g
7403,t
7404,a
7405,c
7406,t
7407,t
7408,g
7409,g
7410,t
7411,t
7412,t
7413,a
7414,a
7415,t
7416,a
7417,g
7418,t
7419,a
7420,c
7421,t
7422,t
7423,g
7424,g
7425,a
7426,g
7427,t
7428,a
7429,c
7430,t
7431,g
7432,a
7433,a
7434,g
7435,g
7436,g
7437,t
7438,c
7439,a
7440,a
7441,a
7442,t
7443,a
7444,a
7445,c
7446,a
7447,c
7448,t
7449,g
7450,a
7451,a
7452,g
7453,g
7454,a
7455,a
7456,g
7457,t
7458,g
7459,a
7460,c
7461,a
7462,c
7463,a
7464,a
7465,t
7466,c
7467,a
7468,c
7469,c
7470,c
7471,t
7472,c
7473,c
7474,c
7475,a
7476,t
7477,g
7478,c
7479,a
7480,g
7481,a
7482,a
7483,t
7484,a
7485,a
7486,a
7487,a
7488,c
7489,a
7490,a
7491,a
7492,t
7493,t
7494,a
7495,t
7496,a
7497,a
7498,a
7499,c
7500,a
7501,t
7502,g
7503,t
7504,g
7505,g
7506,c
7507,a
7508,g
7509,a
7510,a
7511,a
7512,g
7513,t
7514,a
7515,g
7516,g
7517,a
7518,a
7519,a
7520,a
7521,g
7522,c
7523,a
7524,a
7525,t
7526,g
7527,t
7528,a
7529,t
7530,g
7531,c
7532,c
7533,c
7534,c
7535,t
7536,c
7537,c
7538,c
7539,a
7540,t
7541,c
7542,a
7543,g
7544,t
7545,g
7546,g
7547,a
7548,c
7549,a
7550,a
7551,a
7552,t
7553,t
7554,a
7555,g
7556,a
7557,t
7558,g
7559,t
7560,t
7561,c
7562,a
7563,t
7564,c
7565,a
7566,a
7567,a
7568,t
7569,a
7570,t
7571,t
7572,a
7573,c
7574,a
7575,g
7576,g
7577,g
7578,c
7579,t
7580,g
7581,c
7582,t
7583,a
7584,t
7585,t
7586,a
7587,a
7588,c
7589,a
7590,a
7591,g
7592,a
7593,g
7594,a
7595,t
7596,g
7597,g
7598,t
7599,g
7600,g
7601,t
7602,a
7603,a
7604,t
7605,a
7606,g
7607,c
7608,a
7609,a
7610,c
7611,a
7612,a
7613,t
7614,g
7615,a
7616,g
7617,t
7618,c
7619,c
7620,g
7621,a
7622,g
7623,a
7624,t
7625,c
7626,t
7627,t
7628,c
7629,a
7630,g
7631,a
7632,c
7633,c
7634,t
7635,g
7636,g
7637,a
7638,g
7639,g
7640,a
7641,g
7642,g
7643,a
7644,g
7645,a
7646,t
7647,a
7648,t
7649,g
7650,a
7651,g
7652,g
7653,g
7654,a
7655,c
7656,a
7657,a
7658,t
7659,t
7660,g
7661,g
7662,a
7663,g
7664,a
7665,a
7666,g
7667,t
7668,g
7669,a
7670,a
7671,t
7672,t
7673,a
7674,t
7675,a
7676,t
7677,a
7678,a
7679,a
7680,t
7681,a
7682,t
7683,a
7684,a
7685,a
7686,g
7687,t
7688,a
7689,g
7690,t
7691,a
7692,a
7693,a
7694,a
7695,a
7696,t
7697,t
7698,g
7699,a
7700,a
7701,c
7702,c
7703,a
7704,t
7705,t
7706,a
7707,g
7708,g
7709,a
7710,g
7711,t
7712,a
7713,g
7714,c
7715,a
7716,c
7717,c
7718,c
7719,a
7720,c
7721,c
7722,a
7723,a
7724,g
7725,g
7726,c
7727,a
7728,a
7729,a
7730,g
7731,a
7732,g
7733,a
7734,a
7735,g
7736,a
7737,g
7738,t
7739,g
7740,g
7741,t
7742,g
7743,c
7744,a
7745,g
7746,a
7747,g
7748,a
7749,g
7750,a
7751,a
7752,a
7753,a
7754,a
7755,a
7756,g
7757,a
7758,g
7759,c
7760,a
7761,g
7762,t
7763,g
7764,g
7765,g
7766,a
7767,a
7768,t
7769,a
7770,g
7771,g
7772,a
7773,g
7774,c
7775,t
7776,t
7777,t
7778,g
7779,t
7780,t
7781,c
7782,c
7783,t
7784,t
7785,g
7786,g
7787,g
7788,t
7789,t
7790,c
7791,t
7792,t
7793,g
7794,g
7795,g
7796,a
7797,g
7798,c
7799,a
7800,g
7801,c
7802,a
7803,g
7804,g
7805,a
7806,a
7807,g
7808,c
7809,a
7810,c
7811,t
7812,a
7813,t
7814,g
7815,g
7816,g
7817,c
7818,g
7819,c
7820,a
7821,g
7822,c
7823,c
7824,t
7825,c
7826,a
7827,a
7828,t
7829,g
7830,a
7831,c
7832,g
7833,c
7834,t
7835,g
7836,a
7837,c
7838,g
7839,g
7840,t
7841,a
7842,c
7843,a
7844,g
7845,g
7846,c
7847,c
7848,a
7849,g
7850,a
7851,c
7852,a
7853,a
7854,t
7855,t
7856,a
7857,t
7858,t
7859,g
7860,t
7861,c
7862,t
7863,g
7864,g
7865,t
7866,a
7867,t
7868,a
7869,g
7870,t
7871,g
7872,c
7873,a
7874,g
7875,c
7876,a
7877,g
7878,c
7879,a
7880,g
7881,a
7882,a
7883,c
7884,a
7885,a
7886,t
7887,t
7888,t
7889,g
7890,c
7891,t
7892,g
7893,a
7894,g
7895,g
7896,g
7897,c
7898,t
7899,a
7900,t
7901,t
7902,g
7903,a
7904,g
7905,g
7906,c
7907,g
7908,c
7909,a
7910,a
7911,c
7912,a
7913,g
7914,c
7915,a
7916,t
7917,c
7918,t
7919,g
7920,t
7921,t
7922,g
7923,c
7924,a
7925,a
7926,c
7927,t
7928,c
7929,a
7930,c
7931,a
7932,g
7933,t
7934,c
7935,t
7936,g
7937,g
7938,g
7939,g
7940,c
7941,a
7942,t
7943,c
7944,a
7945,a
7946,g
7947,c
7948,a
7949,g
7950,c
7951,t
7952,c
7953,c
7954,a
7955,g
7956,g
7957,c
7958,a
7959,a
7960,g
7961,a
7962,a
7963,t
7964,c
7965,c
7966,t
7967,g
7968,g
7969,c
7970,t
7971,g
7972,t
7973,g
7974,g
7975,a
7976,a
7977,a
7978,g
7979,a
7980,t
7981,a
7982,c
7983,c
7984,t
7985,a
7986,a
7987,a
7988,g
7989,g
7990,a
7991,t
7992,c
7993,a
7994,a
7995,c
7996,a
7997,g
7998,c
7999,t
8000,c
8001,c
8002,t
8003,g
8004,g
8005,g
8006,g
8007,a
8008,t
8009,t
8010,t
8011,g
8012,g
8013,g
8014,g
8015,t
8016,t
8017,g
8018,c
8019,t
8020,c
8021,t
8022,g
8023,g
8024,a
8025,a
8026,a
8027,a
8028,c
8029,t
8030,c
8031,a
8032,t
8033,t
8034,t
8035,g
8036,c
8037,a
8038,c
8039,c
8040,a
8041,c
8042,t
8043,g
8044,c
8045,t
8046,g
8047,t
8048,g
8049,c
8050,c
8051,t
8052,t
8053,g
8054,g
8055,a
8056,a
8057,t
8058,g
8059,c
8060,t
8061,a
8062,g
8063,t
8064,t
8065,g
8066,g
8067,a
8068,g
8069,t
8070,a
8071,a
8072,t
8073,a
8074,a
8075,a
8076,t
8077,c
8078,t
8079,c
8080,t
8081,g
8082,g
8083,a
8084,a
8085,c
8086,a
8087,g
8088,a
8089,t
8090,t
8091,t
8092,g
8093,g
8094,a
8095,a
8096,t
8097,c
8098,a
8099,c
8100,a
8101,c
8102,g
8103,a
8104,c
8105,c
8106,t
8107,g
8108,g
8109,a
8110,t
8111,g
8112,g
8113,a
8114,g
8115,t
8116,g
8117,g
8118,g
8119,a
8120,c
8121,a
8122,g
8123,a
8124,g
8125,a
8126,a
8127,a
8128,t
8129,t
8130,a
8131,a
8132,c
8133,a
8134,a
8135,t
8136,t
8137,a
8138,c
8139,a
8140,c
8141,a
8142,a
8143,g
8144,c
8145,t
8146,t
8147,a
8148,a
8149,t
8150,a
8151,c
8152,a
8153,c
8154,t
8155,c
8156,c
8157,t
8158,t
8159,a
8160,a
8161,t
8162,t
8163,g
8164,a
8165,a
8166,g
8167,a
8168,a
8169,t
8170,c
8171,g
8172,c
8173,a
8174,a
8175,a
8176,a
8177,c
8178,c
8179,a
8180,g
8181,c
8182,a
8183,a
8184,g
8185,a
8186,a
8187,a
8188,a
8189,g
8190,a
8191,a
8192,t
8193,g
8194,a
8195,a
8196,c
8197,a
8198,a
8199,g
8200,a
8201,a
8202,t
8203,t
8204,a
8205,t
8206,t
8207,g
8208,g
8209,a
8210,a
8211,t
8212,t
8213,a
8214,g
8215,a
8216,t
8217,a
8218,a
8219,a
8220,t
8221,g
8222,g
8223,g
8224,c
8225,a
8226,a
8227,g
8228,t
8229,t
8230,t
8231,g
8232,t
8233,g
8234,g
8235,a
8236,a
8237,t
8238,t
8239,g
8240,g
8241,t
8242,t
8243,t
8244,a
8245,a
8246,c
8247,a
8248,t
8249,a
8250,a
8251,c
8252,a
8253,a
8254,a
8255,t
8256,t
8257,g
8258,g
8259,c
8260,t
8261,g
8262,t
8263,g
8264,g
8265,t
8266,a
8267,t
8268,a
8269,t
8270,a
8271,a
8272,a
8273,a
8274,t
8275,t
8276,a
8277,t
8278,t
8279,c
8280,a
8281,t
8282,a
8283,a
8284,t
8285,g
8286,a
8287,t
8288,a
8289,g
8290,t
8291,a
8292,g
8293,g
8294,a
8295,g
8296,g
8297,c
8298,t
8299,t
8300,g
8301,g
8302,t
8303,a
8304,g
8305,g
8306,t
8307,t
8308,t
8309,a
8310,a
8311,g
8312,a
8313,a
8314,t
8315,a
8316,g
8317,t
8318,t
8319,t
8320,t
8321,t
8322,g
8323,c
8324,t
8325,g
8326,t
8327,a
8328,c
8329,t
8330,t
8331,t
8332,c
8333,t
8334,a
8335,t
8336,a
8337,g
8338,t
8339,g
8340,a
8341,a
8342,t
8343,a
8344,g
8345,a
8346,g
8347,t
8348,t
8349,a
8350,g
8351,g
8352,c
8353,a
8354,g
8355,g
8356,g
8357,a
8358,t
8359,a
8360,t
8361,t
8362,c
8363,a
8364,c
8365,c
8366,a
8367,t
8368,t
8369,a
8370,t
8371,c
8372,g
8373,t
8374,t
8375,t
8376,c
8377,a
8378,g
8379,a
8380,c
8381,c
8382,c
8383,a
8384,c
8385,c
8386,t
8387,c
8388,c
8389,c
8390,a
8391,a
8392,c
8393,c
8394,c
8395,c
8396,g
8397,a
8398,g
8399,g
8400,g
8401,g
8402,a
8403,c
8404,c
8405,c
8406,g
8407,a
8408,c
8409,a
8410,g
8411,g
8412,c
8413,c
8414,c
8415,g
8416,a
8417,a
8418,g
8419,g
8420,a
8421,a
8422,t
8423,a
8424,g
8425,a
8426,a
8427,g
8428,a
8429,a
8430,g
8431,a
8432,a
8433,g
8434,g
8435,t
8436,g
8437,g
8438,a
8439,g
8440,a
8441,g
8442,a
8443,g
8444,a
8445,g
8446,a
8447,c
8448,a
8449,g
8450,a
8451,g
8452,a
8453,c
8454,a
8455,g
8456,a
8457,t
8458,c
8459,c
8460,a
8461,t
8462,t
8463,c
8464,g
8465,a
8466,t
8467,t
8468,a
8469,g
8470,t
8471,g
8472,a
8473,a
8474,c
8475,g
8476,g
8477,a
8478,t
8479,c
8480,c
8481,t
8482,t
8483,g
8484,g
8485,c
8486,a
8487,c
8488,t
8489,t
8490,a
8491,t
8492,c
8493,t
8494,g
8495,g
8496,g
8497,a
8498,c
8499,g
8500,a
8501,t
8502,c
8503,t
8504,g
8505,c
8506,g
8507,g
8508,a
8509,g
8510,c
8511,c
8512,t
8513,g
8514,t
8515,g
8516,c
8517,c
8518,t
8519,c
8520,t
8521,t
8522,c
8523,a
8524,g
8525,c
8526,t
8527,a
8528,c
8529,c
8530,a
8531,c
8532,c
8533,g
8534,c
8535,t
8536,t
8537,g
8538,a
8539,g
8540,a
8541,g
8542,a
8543,c
8544,t
8545,t
8546,a
8547,c
8548,t
8549,c
8550,t
8551,t
8552,g
8553,a
8554,t
8555,t
8556,g
8557,t
8558,a
8559,a
8560,c
8561,g
8562,a
8563,g
8564,g
8565,a
8566,t
8567,t
8568,g
8569,t
8570,g
8571,g
8572,a
8573,a
8574,c
8575,t
8576,t
8577,c
8578,t
8579,g
8580,g
8581,g
8582,a
8583,c
8584,g
8585,c
8586,a
8587,g
8588,g
8589,g
8590,g
8591,g
8592,t
8593,g
8594,g
8595,g
8596,a
8597,a
8598,g
8599,c
8600,c
8601,c
8602,t
8603,c
8604,a
8605,a
8606,a
8607,t
8608,a
8609,t
8610,t
8611,g
8612,g
8613,t
8614,g
8615,g
8616,a
8617,a
8618,t
8619,c
8620,t
8621,c
8622,c
8623,t
8624,a
8625,c
8626,a
8627,g
8628,t
8629,a
8630,t
8631,t
8632,g
8633,g
8634,a
8635,g
8636,t
8637,c
8638,a
8639,g
8640,g
8641,a
8642,a
8643,c
8644,t
8645,a
8646,a
8647,a
8648,g
8649,a
8650,a
8651,t
8652,a
8653,g
8654,t
8655,g
8656,c
8657,t
8658,g
8659,t
8660,t
8661,a
8662,g
8663,c
8664,t
8665,t
8666,g
8667,c
8668,t
8669,c
8670,a
8671,a
8672,t
8673,g
8674,c
8675,c
8676,a
8677,c
8678,a
8679,g
8680,c
8681,c
8682,a
8683,t
8684,a
8685,g
8686,c
8687,a
8688,g
8689,t
8690,a
8691,g
8692,c
8693,t
8694,g
8695,a
8696,g
8697,g
8698,g
8699,g
8700,a
8701,c
8702,a
8703,g
8704,a
8705,t
8706,a
8707,g
8708,g
8709,g
8710,t
8711,t
8712,a
8713,t
8714,a
8715,g
8716,a
8717,a
8718,g
8719,t
8720,a
8721,g
8722,t
8723,a
8724,c
8725,a
8726,a
8727,g
8728,g
8729,a
8730,g
8731,c
8732,t
8733,t
8734,g
8735,t
8736,a
8737,g
8738,a
8739,g
8740,c
8741,t
8742,a
8743,t
8744,t
8745,c
8746,g
8747,c
8748,c
8749,a
8750,c
8751,a
8752,t
8753,a
8754,c
8755,c
8756,t
8757,a
8758,g
8759,a
8760,a
8761,g
8762,a
8763,a
8764,t
8765,a
8766,a
8767,g
8768,a
8769,c
8770,a
8771,g
8772,g
8773,g
8774,c
8775,t
8776,t
8777,g
8778,g
8779,a
8780,a
8781,a
8782,g
8783,g
8784,a
8785,t
8786,t
8787,t
8788,t
8789,g
8790,c
8791,t
8792,a
8793,t
8794,a
8795,a
8796,g
8797,a
8798,t
8799,g
8800,g
8801,g
8802,t
8803,g
8804,g
8805,c
8806,a
8807,a
8808,g
8809,t
8810,g
8811,g
8812,t
8813,c
8814,a
8815,a
8816,a
8817,a
8818,a
8819,g
8820,t
8821,a
8822,g
8823,t
8824,g
8825,t
8826,g
8827,a
8828,t
8829,t
8830,g
8831,g
8832,a
8833,t
8834,g
8835,g
8836,c
8837,c
8838,t
8839,a
8840,c
8841,t
8842,g
8843,t
8844,a
8845,a
8846,g
8847,g
8848,g
8849,a
8850,a
8851,a
8852,g
8853,a
8854,a
8855,t
8856,g
8857,a
8858,g
8859,a
8860,c
8861,g
8862,a
8863,g
8864,c
8865,t
8866,g
8867,a
8868,g
8869,c
8870,c
8871,a
8872,g
8873,c
8874,a
8875,g
8876,c
8877,a
8878,g
8879,a
8880,t
8881,a
8882,g
8883,g
8884,g
8885,t
8886,g
8887,g
8888,g
8889,a
8890,g
8891,c
8892,a
8893,g
8894,c
8895,a
8896,t
8897,c
8898,t
8899,c
8900,g
8901,a
8902,g
8903,a
8904,c
8905,c
8906,t
8907,g
8908,g
8909,a
8910,a
8911,a
8912,a
8913,a
8914,c
8915,a
8916,t
8917,g
8918,g
8919,a
8920,g
8921,c
8922,a
8923,a
8924,t
8925,c
8926,a
8927,c
8928,a
8929,a
8930,g
8931,t
8932,a
8933,g
8934,c
8935,a
8936,a
8937,t
8938,a
8939,c
8940,a
8941,g
8942,c
8943,a
8944,g
8945,c
8946,t
8947,a
8948,c
8949,c
8950,a
8951,a
8952,t
8953,g
8954,c
8955,t
8956,g
8957,c
8958,t
8959,t
8960,g
8961,t
8962,g
8963,c
8964,c
8965,t
8966,g
8967,g
8968,c
8969,t
8970,a
8971,g
8972,a
8973,a
8974,g
8975,c
8976,a
8977,c
8978,a
8979,a
8980,g
8981,a
8982,g
8983,g
8984,a
8985,g
8986,g
8987,a
8988,g
8989,g
8990,a
8991,g
8992,g
8993,t
8994,g
8995,g
8996,g
8997,t
8998,t
8999,t
9000,t
9001,c
9002,c
9003,a
9004,g
9005,t
9006,c
9007,a
9008,c
9009,a
9010,c
9011,c
9012,t
9013,c
9014,a
9015,g
9016,g
9017,t
9018,a
9019,c
9020,c
9021,t
9022,t
9023,t
9024,a
9025,a
9026,g
9027,a
9028,c
9029,c
9030,a
9031,a
9032,t
9033,g
9034,a
9035,c
9036,t
9037,t
9038,a
9039,c
9040,a
9041,a
9042,g
9043,g
9044,c
9045,a
9046,g
9047,c
9048,t
9049,g
9050,t
9051,a
9052,g
9053,a
9054,t
9055,c
9056,t
9057,t
9058,a
9059,g
9060,c
9061,c
9062,a
9063,c
9064,t
9065,t
9066,t
9067,t
9068,t
9069,a
9070,a
9071,a
9072,a
9073,g
9074,a
9075,a
9076,a
9077,a
9078,g
9079,g
9080,g
9081,g
9082,g
9083,g
9084,a
9085,c
9086,t
9087,g
9088,g
9089,a
9090,a
9091,g
9092,g
9093,g
9094,c
9095,t
9096,a
9097,a
9098,t
9099,t
9100,c
9101,a
9102,c
9103,t
9104,c
9105,c
9106,c
9107,a
9108,a
9109,a
9110,g
9111,a
9112,a
9113,g
9114,a
9115,c
9116,a
9117,a
9118,g
9119,a
9120,t
9121,a
9122,t
9123,c
9124,c
9125,t
9126,t
9127,g
9128,a
9129,t
9130,c
9131,t
9132,g
9133,t
9134,g
9135,g
9136,a
9137,t
9138,c
9139,t
9140,a
9141,c
9142,c
9143,a
9144,c
9145,a
9146,c
9147,a
9148,c
9149,a
9150,a
9151,g
9152,g
9153,c
9154,t
9155,a
9156,c
9157,t
9158,t
9159,c
9160,c
9161,c
9162,t
9163,g
9164,a
9165,t
9166,t
9167,a
9168,g
9169,c
9170,a
9171,g
9172,a
9173,a
9174,c
9175,t
9176,a
9177,c
9178,a
9179,c
9180,a
9181,c
9182,c
9183,a
9184,g
9185,g
9186,g
9187,c
9188,c
9189,a
9190,g
9191,g
9192,g
9193,g
9194,t
9195,c
9196,a
9197,g
9198,a
9199,t
9200,a
9201,t
9202,c
9203,c
9204,a
9205,c
9206,t
9207,g
9208,a
9209,c
9210,c
9211,t
9212,t
9213,t
9214,g
9215,g
9216,a
9217,t
9218,g
9219,g
9220,t
9221,g
9222,c
9223,t
9224,a
9225,c
9226,a
9227,a
9228,g
9229,c
9230,t
9231,a
9232,g
9233,t
9234,a
9235,c
9236,c
9237,a
9238,g
9239,t
9240,t
9241,g
9242,a
9243,g
9244,c
9245,c
9246,a
9247,g
9248,a
9249,t
9250,a
9251,a
9252,g
9253,a
9254,t
9255,a
9256,g
9257,a
9258,a
9259,g
9260,a
9261,g
9262,g
9263,c
9264,c
9265,a
9266,a
9267,t
9268,a
9269,a
9270,a
9271,g
9272,g
9273,a
9274,g
9275,a
9276,g
9277,a
9278,a
9279,c
9280,a
9281,c
9282,c
9283,a
9284,g
9285,c
9286,t
9287,t
9288,g
9289,t
9290,t
9291,a
9292,c
9293,a
9294,c
9295,c
9296,c
9297,t
9298,g
9299,t
9300,g
9301,a
9302,g
9303,c
9304,c
9305,t
9306,g
9307,c
9308,a
9309,t
9310,g
9311,g
9312,g
9313,a
9314,t
9315,g
9316,g
9317,a
9318,t
9319,g
9320,a
9321,c
9322,c
9323,c
9324,g
9325,g
9326,a
9327,g
9328,a
9329,g
9330,a
9331,g
9332,a
9333,a
9334,g
9335,t
9336,g
9337,t
9338,t
9339,a
9340,g
9341,a
9342,g
9343,t
9344,g
9345,g
9346,a
9347,g
9348,g
9349,t
9350,t
9351,t
9352,g
9353,a
9354,c
9355,a
9356,g
9357,c
9358,c
9359,g
9360,c
9361,c
9362,t
9363,a
9364,g
9365,c
9366,a
9367,t
9368,t
9369,t
9370,c
9371,a
9372,t
9373,c
9374,a
9375,c
9376,g
9377,t
9378,g
9379,g
9380,c
9381,c
9382,c
9383,g
9384,a
9385,g
9386,a
9387,g
9388,c
9389,t
9390,g
9391,c
9392,a
9393,t
9394,c
9395,c
9396,g
9397,g
9398,a
9399,g
9400,t
9401,a
9402,c
9403,t
9404,t
9405,c
9406,a
9407,a
9408,g
9409,a
9410,a
9411,c
9412,t
9413,g
9414,c
9415,t
9416,g
9417,a
9418,c
9419,a
9420,t
9421,c
9422,g
9423,a
9424,g
9425,c
9426,t
9427,t
9428,g
9429,c
9430,t
9431,a
9432,c
9433,a
9434,a
9435,g
9436,g
9437,g
9438,a
9439,c
9440,t
9441,t
9442,t
9443,c
9444,c
9445,g
9446,c
9447,t
9448,g
9449,g
9450,g
9451,g
9452,a
9453,c
9454,t
9455,t
9456,t
9457,c
9458,c
9459,a
9460,g
9461,g
9462,g
9463,a
9464,g
9465,g
9466,c
9467,g
9468,t
9469,g
9470,g
9471,c
9472,c
9473,t
9474,g
9475,g
9476,g
9477,c
9478,g
9479,g
9480,g
9481,a
9482,c
9483,t
9484,g
9485,g
9486,g
9487,g
9488,a
9489,g
9490,t
9491,g
9492,g
9493,c
9494,g
9495,a
9496,g
9497,c
9498,c
9499,c
9500,t
9501,c
9502,a
9503,g
9504,a
9505,t
9506,c
9507,c
9508,t
9509,g
9510,c
9511,a
9512,t
9513,a
9514,t
9515,a
9516,a
9517,g
9518,c
9519,a
9520,g
9521,c
9522,t
9523,g
9524,c
9525,t
9526,t
9527,t
9528,t
9529,t
9530,g
9531,c
9532,c
9533,t
9534,g
9535,t
9536,a
9537,c
9538,t
9539,g
9540,g
9541,g
9542,t
9543,c
9544,t
9545,c
9546,t
9547,c
9548,t
9549,g
9550,g
9551,t
9552,t
9553,a
9554,g
9555,a
9556,c
9557,c
9558,a
9559,g
9560,a
9561,t
9562,c
9563,t
9564,g
9565,a
9566,g
9567,c
9568,c
9569,t
9570,g
9571,g
9572,g
9573,a
9574,g
9575,c
9576,t
9577,c
9578,t
9579,c
9580,t
9581,g
9582,g
9583,c
9584,t
9585,a
9586,a
9587,c
9588,t
9589,a
9590,g
9591,g
9592,g
9593,a
9594,a
9595,c
9596,c
9597,c
9598,a
9599,c
9600,t
9601,g
9602,c
9603,t
9604,t
9605,a
9606,a
9607,g
9608,c
9609,c
9610,t
9611,c
9612,a
9613,a
9614,t
9615,a
9616,a
9617,a
9618,g
9619,c
9620,t
9621,t
9622,g
9623,c
9624,c
9625,t
9626,t
9627,g
9628,a
9629,g
9630,t
9631,g
9632,c
9633,t
9634,t
9635,c
9636,a
9637,a
9638,g
9639,t
9640,a
9641,g
9642,t
9643,g
9644,t
9645,g
9646,t
9647,g
9648,c
9649,c
9650,c
9651,g
9652,t
9653,c
9654,t
9655,g
9656,t
9657,t
9658,g
9659,t
9660,g
9661,t
9662,g
9663,a
9664,c
9665,t
9666,c
9667,t
9668,g
9669,g
9670,t
9671,a
9672,a
9673,c
9674,t
9675,a
9676,g
9677,a
9678,g
9679,a
9680,t
9681,c
9682,c
9683,c
9684,t
9685,c
9686,a
9687,g
9688,a
9689,c
9690,c
9691,c
9692,t
9693,t
9694,t
9695,t
9696,a
9697,g
9698,t
9699,c
9700,a
9701,g
9702,t
9703,g
9704,t
9705,g
9706,g
9707,a
9708,a
9709,a
9710,a
9711,t
9712,c
9713,t
9714,c
9715,t
9716,a
9717,g
9718,c
9719,a